date,co2
1958-03-30,316.16
1958-03-31,316.69
1958-04-02,317.67
1958-04-03,317.76
1958-04-04,317.09
1958-04-05,317.36
1958-04-06,317.8
1958-04-09,315.9
1958-04-13,318.39
1958-04-14,318.41
1958-04-17,317.74
1958-04-18,317.8
1958-04-20,316.52
1958-04-21,317.01
1958-04-22,317.25
1958-05-02,316.84
1958-05-03,316.4
1958-05-04,316.76
1958-05-05,317.69
1958-05-06,317.84
1958-05-20,317.7
1958-05-21,317.98
1958-05-22,318.09
1958-05-23,317.94
1958-07-04,316.94
1958-07-08,315.84
1958-07-14,316.22
1958-07-15,316.55
1958-07-16,314.55
1958-07-17,314.56
1958-07-19,315.72
1958-07-20,316.04
1958-07-23,315.9
1958-07-24,316.09
1958-07-26,315.25
1958-07-27,315.61
1958-07-28,315.53
1958-07-30,315.74
1958-07-31,315.76
1958-08-04,315.29
1958-08-05,314.92
1958-08-06,315.54
1958-08-07,314.78
1958-08-11,315.23
1958-08-12,314.99
1958-08-13,314.82
1958-08-14,315.08
1958-08-15,315.27
1958-09-01,314.23
1958-11-07,313.32
1958-11-08,313.32
1958-11-09,313.15
1958-11-12,313.48
1958-11-13,313.11
1958-11-14,313.07
1958-11-15,313.31
1958-11-16,313.47
1958-11-17,313.35
1958-11-18,313.44
1958-11-19,313.17
1958-11-20,313.17
1958-11-21,313.92
1958-11-22,313.71
1958-11-23,314.01
1958-11-24,313.98
1958-11-26,313.87
1958-11-27,313.91
1958-11-28,314.28
1958-11-29,313.74
1958-11-30,313.84
1958-12-01,314.3
1958-12-02,314.22
1958-12-03,314.15
1958-12-04,314.44
1958-12-05,314.55
1958-12-06,314.24
1958-12-07,314.84
1958-12-08,314.62
1958-12-09,314.36
1958-12-10,313.86
1958-12-11,314.29
1958-12-12,314.53
1958-12-13,314.52
1958-12-14,314.74
1958-12-15,314.68
1958-12-16,314.33
1958-12-17,314.53
1958-12-18,315.08
1958-12-20,315.02
1958-12-21,314.91
1958-12-22,314.76
1958-12-23,314.86
1958-12-24,315.1
1958-12-25,315.09
1958-12-26,315.58
1958-12-27,315.56
1958-12-29,315.04
1958-12-30,315.26
1958-12-31,315.44
1959-01-01,315.23
1959-01-05,315.02
1959-01-06,315.58
1959-01-07,315.14
1959-01-08,315.43
1959-01-09,315.7
1959-01-10,315.58
1959-01-11,315.68
1959-01-12,315.52
1959-01-13,315.28
1959-01-14,315.9
1959-01-15,316.17
1959-01-16,316.03
1959-01-17,315.53
1959-01-18,315.44
1959-01-19,315.04
1959-01-20,315.64
1959-01-21,315.77
1959-01-22,315.91
1959-01-23,315.59
1959-01-24,316.01
1959-01-25,315.84
1959-01-26,315.8
1959-01-28,315.41
1959-01-29,315.56
1959-02-17,316.94
1959-02-18,316.68
1959-02-19,316.42
1959-02-20,316.2
1959-02-22,316.81
1959-02-23,317.17
1959-02-24,316.91
1959-02-26,316.56
1959-02-27,316.41
1959-02-28,316.48
1959-03-01,316.87
1959-03-03,316.9
1959-03-04,316.78
1959-03-05,316.92
1959-03-06,316.65
1959-03-07,316.58
1959-03-08,316.76
1959-03-09,317.33
1959-03-10,316.68
1959-03-21,316.97
1959-03-22,317.09
1959-03-23,317.05
1959-03-24,316.38
1959-03-25,316.53
1959-03-26,316.62
1959-03-27,316.46
1959-03-28,317.09
1959-03-29,317.03
1959-03-30,316.37
1959-04-01,316.5
1959-04-02,318.15
1959-04-03,318.16
1959-04-05,317.08
1959-04-06,317.14
1959-04-07,317.55
1959-04-08,316.92
1959-04-09,316.91
1959-04-10,317.42
1959-04-11,317.07
1959-04-12,316.84
1959-04-13,316.96
1959-04-14,317.48
1959-04-15,317.4
1959-04-16,317.3
1959-04-17,316.78
1959-04-18,317.43
1959-04-19,317.79
1959-04-20,318.31
1959-04-21,318.53
1959-04-22,318.26
1959-04-24,318.61
1959-04-25,318.53
1959-04-26,318.53
1959-04-27,318.18
1959-04-28,318.16
1959-04-29,318.36
1959-05-03,318.33
1959-05-04,318.15
1959-05-05,318.44
1959-05-13,318.35
1959-05-14,318.53
1959-05-15,318.72
1959-05-16,317.17
1959-05-17,317.71
1959-05-18,317.93
1959-05-19,318.3
1959-05-20,318.5
1959-05-21,318.65
1959-05-22,318.56
1959-05-23,317.81
1959-05-24,318.42
1959-05-25,317.88
1959-06-04,318.66
1959-06-05,318.64
1959-06-06,318.44
1959-06-07,318.4
1959-06-08,318.36
1959-06-09,318.78
1959-06-11,318.13
1959-06-13,318.2
1959-06-14,318.58
1959-06-18,317.59
1959-06-19,317.74
1959-06-20,317.72
1959-06-21,318.01
1959-06-22,317.84
1959-06-23,317.78
1959-06-24,317.5
1959-06-25,317.73
1959-07-01,317.45
1959-07-02,317.52
1959-07-03,317.71
1959-07-04,317.84
1959-07-05,315.94
1959-07-09,316.93
1959-07-10,316.83
1959-07-11,317.16
1959-07-12,316.88
1959-07-13,316.98
1959-07-14,316.91
1959-07-15,316.71
1959-07-16,316.84
1959-07-17,316.7
1959-07-18,316.0
1959-07-19,314.43
1959-07-21,316.01
1959-07-22,316.06
1959-07-24,316.31
1959-07-25,316.42
1959-07-26,316.37
1959-07-27,316.12
1959-07-28,315.81
1959-07-29,316.01
1959-07-30,316.15
1959-07-31,316.1
1959-08-02,315.92
1959-08-03,315.26
1959-08-04,314.96
1959-08-07,315.32
1959-08-08,315.41
1959-08-23,314.52
1959-08-24,314.93
1959-08-25,314.98
1959-08-27,314.17
1959-08-28,314.39
1959-09-02,314.76
1959-09-03,314.55
1959-09-07,314.12
1959-09-08,313.99
1959-09-09,313.9
1959-09-10,313.94
1959-09-14,313.67
1959-09-15,313.83
1959-09-16,313.8
1959-09-17,314.02
1959-09-18,313.78
1959-09-19,312.95
1959-09-20,312.95
1959-09-22,313.47
1959-09-23,313.54
1959-09-24,313.6
1959-09-25,313.06
1959-09-26,313.42
1959-09-28,313.47
1959-09-29,313.45
1959-09-30,313.57
1959-10-01,312.57
1959-10-02,312.33
1959-10-03,313.45
1959-10-05,312.7
1959-10-06,313.81
1959-10-07,313.83
1959-10-10,312.71
1959-10-11,312.95
1959-10-13,313.65
1959-10-14,313.83
1959-10-15,313.63
1959-10-16,313.51
1959-10-17,313.37
1959-10-18,313.31
1959-10-19,313.29
1959-10-20,313.24
1959-10-21,312.92
1959-10-22,313.71
1959-10-23,313.59
1959-10-24,312.95
1959-10-25,313.57
1959-10-26,313.53
1959-10-27,313.68
1959-10-28,313.8
1959-10-29,313.5
1959-10-30,313.9
1959-10-31,314.53
1959-11-01,314.56
1959-11-02,314.42
1959-11-03,314.58
1959-11-04,314.32
1959-11-05,314.38
1959-11-06,314.59
1959-11-07,314.62
1959-11-13,314.84
1959-11-14,314.4
1959-11-15,314.17
1959-11-16,315.07
1959-11-17,315.24
1959-11-18,314.92
1959-11-19,315.57
1959-11-20,315.42
1959-11-21,315.17
1959-11-22,314.86
1959-11-24,315.48
1959-11-25,315.43
1959-11-26,315.3
1959-11-27,315.6
1959-11-28,315.33
1959-11-29,314.98
1959-12-02,314.54
1959-12-03,314.89
1959-12-06,315.18
1959-12-07,315.1
1959-12-08,315.11
1959-12-09,315.44
1959-12-11,315.4
1959-12-12,315.42
1959-12-13,315.66
1959-12-14,315.83
1959-12-15,315.67
1959-12-16,315.77
1959-12-17,315.59
1959-12-18,315.79
1959-12-19,315.82
1959-12-20,315.42
1959-12-21,315.66
1959-12-22,316.39
1959-12-23,315.62
1959-12-24,315.74
1959-12-25,315.66
1959-12-26,315.76
1959-12-27,315.89
1959-12-29,315.18
1959-12-30,315.54
1960-01-05,315.58
1960-01-06,315.8
1960-01-07,315.9
1960-01-08,316.14
1960-01-09,316.67
1960-01-10,316.59
1960-01-11,316.1
1960-01-12,316.57
1960-01-13,316.51
1960-01-14,316.6
1960-01-15,315.95
1960-01-16,316.61
1960-01-17,317.01
1960-01-18,316.96
1960-01-19,316.73
1960-01-20,316.77
1960-01-21,316.28
1960-01-22,316.55
1960-01-23,316.41
1960-01-24,316.47
1960-01-25,316.53
1960-01-26,316.8
1960-01-27,316.69
1960-01-28,316.79
1960-01-29,316.72
1960-01-30,317.17
1960-01-31,316.79
1960-02-01,317.6
1960-02-02,316.27
1960-02-03,316.38
1960-02-04,317.52
1960-02-08,316.79
1960-02-09,317.19
1960-02-10,316.73
1960-02-11,317.41
1960-02-12,317.56
1960-02-13,317.01
1960-02-14,316.58
1960-02-15,316.92
1960-02-16,317.11
1960-02-17,317.0
1960-02-20,317.49
1960-02-21,317.65
1960-02-23,318.01
1960-02-24,317.27
1960-02-25,316.34
1960-02-26,316.59
1960-02-27,316.96
1960-02-28,317.19
1960-02-29,317.51
1960-03-02,316.92
1960-03-03,316.94
1960-03-04,316.89
1960-03-05,317.03
1960-03-06,316.96
1960-03-07,316.92
1960-03-08,316.75
1960-03-09,317.14
1960-03-10,317.4
1960-03-11,317.7
1960-03-12,318.16
1960-03-13,318.19
1960-03-14,317.9
1960-03-15,317.95
1960-03-16,317.86
1960-03-19,318.35
1960-03-20,318.63
1960-03-21,318.22
1960-03-22,317.91
1960-03-23,317.64
1960-03-24,317.45
1960-03-25,317.35
1960-03-28,318.82
1960-03-29,317.42
1960-03-31,318.72
1960-04-01,318.84
1960-04-02,318.54
1960-04-03,318.7
1960-04-04,318.56
1960-04-05,317.87
1960-04-06,317.68
1960-04-07,319.14
1960-04-08,319.15
1960-04-13,318.98
1960-04-14,318.66
1960-04-15,318.87
1960-04-16,318.65
1960-04-17,318.93
1960-04-18,319.11
1960-04-19,318.44
1960-04-20,319.24
1960-04-21,318.43
1960-04-22,319.12
1960-04-23,318.82
1960-04-24,319.0
1960-04-25,318.99
1960-04-26,319.59
1960-04-27,319.73
1960-05-05,320.05
1960-05-06,320.0
1960-05-07,320.31
1960-05-08,320.26
1960-05-09,319.19
1960-05-10,320.2
1960-05-11,319.98
1960-05-14,319.85
1960-05-15,319.58
1960-05-16,319.49
1960-05-17,319.88
1960-05-18,320.23
1960-05-19,320.34
1960-05-20,320.26
1960-05-21,320.12
1960-05-22,319.66
1960-05-24,319.56
1960-05-25,319.75
1960-05-26,320.16
1960-05-27,319.78
1960-05-28,319.52
1960-05-29,320.18
1960-05-30,320.64
1960-05-31,320.02
1960-06-01,319.94
1960-06-03,319.03
1960-06-09,320.4
1960-06-10,320.27
1960-06-11,320.03
1960-06-12,320.2
1960-06-13,319.77
1960-06-14,319.81
1960-06-15,319.65
1960-06-16,319.57
1960-06-17,319.22
1960-06-24,319.15
1960-06-25,319.2
1960-06-28,318.43
1960-06-29,318.88
1960-06-30,318.37
1960-07-01,318.18
1960-07-02,317.62
1960-07-03,317.55
1960-07-05,318.3
1960-07-07,318.42
1960-07-08,318.68
1960-07-11,318.59
1960-07-12,318.65
1960-07-15,318.45
1960-07-16,318.56
1960-07-17,318.62
1960-07-18,318.26
1960-07-19,318.25
1960-07-20,318.03
1960-07-21,317.9
1960-07-22,318.13
1960-07-23,317.92
1960-07-25,317.87
1960-07-26,317.94
1960-07-27,317.82
1960-07-29,316.31
1960-07-30,316.66
1960-07-31,317.12
1960-08-01,317.09
1960-08-02,317.27
1960-08-03,315.48
1960-08-05,317.28
1960-08-08,316.55
1960-08-09,314.9
1960-08-10,316.77
1960-08-11,317.1
1960-08-13,316.94
1960-08-14,316.25
1960-08-15,316.28
1960-08-17,316.3
1960-08-18,314.56
1960-08-19,313.69
1960-08-22,315.28
1960-08-23,315.28
1960-08-24,315.26
1960-08-26,314.78
1960-08-27,314.89
1960-08-28,314.85
1960-09-03,315.05
1960-09-04,314.89
1960-09-05,314.68
1960-09-06,315.0
1960-09-07,315.09
1960-09-08,315.21
1960-09-09,315.06
1960-09-11,313.88
1960-09-12,314.14
1960-09-13,313.64
1960-09-14,314.8
1960-09-15,315.29
1960-09-16,312.39
1960-09-17,314.61
1960-09-18,314.68
1960-09-20,313.94
1960-09-21,313.38
1960-09-22,312.39
1960-09-23,313.56
1960-09-24,313.38
1960-09-25,313.44
1960-09-26,313.33
1960-09-27,313.31
1960-09-29,313.6
1960-10-02,313.36
1960-10-03,313.39
1960-10-04,314.12
1960-10-05,314.06
1960-10-06,313.28
1960-10-07,312.99
1960-10-08,312.93
1960-10-12,313.91
1960-10-13,314.02
1960-10-14,313.21
1960-10-15,313.39
1960-10-17,313.86
1960-10-19,314.25
1960-10-20,314.4
1960-10-21,314.82
1960-10-22,314.87
1960-10-24,313.7
1960-10-25,314.0
1960-10-26,313.88
1960-10-27,314.98
1960-10-28,314.58
1960-10-29,314.14
1960-11-02,314.37
1960-11-03,314.61
1960-11-04,314.7
1960-11-05,314.39
1960-11-06,314.44
1960-11-07,314.78
1960-11-08,314.99
1960-11-09,315.07
1960-11-10,315.06
1960-11-11,314.93
1960-11-12,315.07
1960-11-13,315.43
1960-11-14,315.02
1960-11-15,314.94
1960-11-16,314.93
1960-11-17,315.01
1960-11-18,314.96
1960-11-19,315.18
1960-11-20,315.01
1960-11-21,315.14
1960-11-22,315.41
1960-11-23,315.65
1960-11-24,315.37
1960-11-25,315.16
1960-11-26,315.18
1960-11-28,315.37
1960-11-29,316.42
1960-11-30,315.7
1960-12-01,315.8
1960-12-03,315.63
1960-12-04,315.79
1960-12-05,315.7
1960-12-06,316.11
1960-12-07,316.27
1960-12-08,316.07
1960-12-09,315.92
1960-12-10,316.08
1960-12-11,316.01
1960-12-12,315.97
1960-12-13,316.21
1960-12-14,315.78
1960-12-15,316.3
1960-12-16,316.43
1960-12-17,316.16
1960-12-18,316.27
1960-12-19,316.51
1960-12-21,315.7
1960-12-22,316.46
1960-12-23,316.46
1960-12-25,316.15
1960-12-26,316.34
1960-12-27,316.59
1960-12-28,316.6
1960-12-29,316.37
1960-12-30,316.63
1961-01-01,316.98
1961-01-02,316.9
1961-01-03,316.84
1961-01-04,316.98
1961-01-05,316.91
1961-01-06,316.93
1961-01-08,316.77
1961-01-09,316.54
1961-01-10,316.82
1961-01-11,316.98
1961-01-12,317.18
1961-01-13,317.04
1961-01-14,317.1
1961-01-15,317.02
1961-01-16,317.31
1961-01-17,317.3
1961-01-18,317.24
1961-01-19,316.99
1961-01-20,316.88
1961-01-21,316.91
1961-01-22,317.13
1961-01-23,317.16
1961-01-24,317.01
1961-01-25,316.91
1961-01-26,316.83
1961-01-27,317.54
1961-01-28,317.24
1961-01-29,316.81
1961-01-30,316.78
1961-01-31,316.7
1961-02-01,317.06
1961-02-02,317.22
1961-02-04,316.8
1961-02-05,316.83
1961-02-06,316.89
1961-02-07,317.24
1961-02-08,317.51
1961-02-09,317.41
1961-02-10,317.53
1961-02-11,318.24
1961-02-12,318.03
1961-02-16,317.45
1961-02-17,317.79
1961-02-18,317.91
1961-02-19,318.03
1961-02-20,317.99
1961-02-21,318.1
1961-02-22,317.78
1961-02-23,317.96
1961-02-24,318.33
1961-02-25,318.15
1961-02-26,318.1
1961-02-28,317.99
1961-03-01,317.81
1961-03-02,318.05
1961-03-03,318.1
1961-03-04,318.21
1961-03-06,317.7
1961-03-07,317.99
1961-03-08,317.93
1961-03-10,318.24
1961-03-12,318.31
1961-03-16,318.84
1961-03-17,319.43
1961-03-19,318.39
1961-03-20,318.13
1961-03-21,318.99
1961-03-22,318.81
1961-03-23,319.16
1961-03-24,317.85
1961-03-25,318.09
1961-03-27,319.16
1961-03-28,319.08
1961-03-29,319.09
1961-03-30,319.21
1961-03-31,318.97
1961-04-01,319.05
1961-04-02,319.53
1961-04-03,319.92
1961-04-04,320.13
1961-04-05,319.85
1961-04-06,319.56
1961-04-07,319.25
1961-04-09,319.41
1961-04-11,318.84
1961-04-12,318.71
1961-04-13,318.79
1961-04-16,318.6
1961-04-17,318.87
1961-04-18,318.86
1961-04-19,318.88
1961-04-20,319.91
1961-04-21,320.11
1961-04-22,319.96
1961-04-23,319.77
1961-04-24,319.6
1961-04-25,319.68
1961-04-26,319.74
1961-04-28,319.22
1961-04-29,320.11
1961-04-30,319.09
1961-05-01,319.45
1961-05-02,319.49
1961-05-03,319.84
1961-05-04,321.33
1961-05-05,320.34
1961-05-06,320.74
1961-05-07,320.77
1961-05-08,320.42
1961-05-09,320.52
1961-05-13,319.94
1961-05-16,320.52
1961-05-17,320.46
1961-05-18,321.0
1961-05-19,320.83
1961-05-20,320.5
1961-05-23,320.31
1961-05-24,320.51
1961-05-25,320.34
1961-05-26,320.53
1961-05-27,320.7
1961-05-28,320.41
1961-05-29,320.07
1961-05-30,319.88
1961-05-31,319.9
1961-06-01,319.76
1961-06-02,320.2
1961-06-03,320.15
1961-06-04,320.1
1961-06-05,319.79
1961-06-06,320.1
1961-06-07,320.33
1961-06-08,320.19
1961-06-09,320.4
1961-06-10,319.49
1961-06-11,319.85
1961-06-12,319.92
1961-06-13,319.74
1961-06-14,319.68
1961-06-15,319.69
1961-06-16,319.74
1961-06-17,319.61
1961-06-18,319.52
1961-06-19,319.83
1961-06-20,319.52
1961-06-21,319.51
1961-06-22,319.5
1961-06-23,319.61
1961-06-24,319.5
1961-06-25,319.23
1961-06-26,319.29
1961-06-27,319.33
1961-06-28,319.05
1961-06-29,318.67
1961-06-30,319.43
1961-07-01,319.66
1961-07-02,319.45
1961-07-03,318.61
1961-07-04,319.35
1961-07-05,319.24
1961-07-06,319.32
1961-07-07,319.56
1961-07-08,319.34
1961-07-09,318.48
1961-07-10,318.72
1961-07-11,318.46
1961-07-13,318.88
1961-07-14,318.54
1961-07-15,318.63
1961-07-16,318.49
1961-07-17,318.64
1961-07-18,318.44
1961-07-24,317.32
1961-08-01,317.99
1961-08-02,318.19
1961-08-03,318.25
1961-08-04,318.05
1961-08-05,317.68
1961-08-06,317.69
1961-08-07,317.84
1961-08-08,316.87
1961-08-09,317.65
1961-08-10,317.32
1961-08-11,316.57
1961-08-12,317.35
1961-08-16,317.32
1961-08-17,316.34
1961-08-18,316.77
1961-08-19,315.5
1961-08-20,315.39
1961-08-22,317.1
1961-08-23,317.27
1961-08-24,317.08
1961-08-25,315.46
1961-08-26,314.45
1961-08-27,314.57
1961-08-28,314.39
1961-09-01,316.94
1961-09-02,316.12
1961-09-03,315.21
1961-09-04,314.68
1961-09-05,314.75
1961-09-06,314.76
1961-09-07,314.85
1961-09-08,314.97
1961-09-09,313.77
1961-09-10,314.91
1961-09-11,314.9
1961-09-12,314.61
1961-09-14,315.56
1961-09-15,315.89
1961-09-16,314.26
1961-09-17,314.1
1961-09-18,314.1
1961-09-19,314.15
1961-09-20,315.63
1961-09-21,313.85
1961-09-23,315.04
1961-09-24,314.89
1961-09-25,315.15
1961-09-26,314.72
1961-10-01,315.75
1961-10-02,315.76
1961-10-03,314.93
1961-10-04,314.55
1961-10-05,314.55
1961-10-07,314.95
1961-10-08,315.23
1961-10-09,314.61
1961-10-10,314.93
1961-10-11,314.85
1961-10-13,315.26
1961-10-14,315.01
1961-10-15,315.33
1961-10-16,315.67
1961-10-17,315.87
1961-10-18,315.67
1961-10-19,315.58
1961-10-20,315.29
1961-10-21,315.65
1961-10-22,315.47
1961-10-24,314.89
1961-10-25,315.18
1961-10-26,315.19
1961-10-27,315.32
1961-10-28,315.67
1961-10-29,315.65
1961-10-30,316.56
1961-10-31,316.31
1961-11-01,316.03
1961-11-02,316.3
1961-11-03,316.01
1961-11-04,315.71
1961-11-05,315.51
1961-11-07,315.13
1961-11-08,315.6
1961-11-09,315.42
1961-11-10,315.51
1961-11-11,315.87
1961-11-12,315.84
1961-11-14,315.94
1961-11-15,316.18
1961-11-16,316.36
1961-11-17,316.12
1961-11-18,316.28
1961-11-19,316.16
1961-11-20,315.94
1961-11-21,316.21
1961-11-22,316.62
1961-11-23,316.66
1961-11-24,316.51
1961-11-25,316.39
1961-11-26,316.49
1961-12-01,316.34
1961-12-02,316.54
1961-12-03,316.32
1961-12-04,316.76
1961-12-05,316.85
1961-12-09,317.31
1961-12-10,316.75
1961-12-11,316.78
1961-12-12,316.91
1961-12-13,316.79
1961-12-14,316.72
1961-12-15,317.18
1961-12-16,316.86
1961-12-17,316.89
1961-12-19,316.84
1961-12-23,316.95
1961-12-24,317.17
1961-12-25,317.19
1961-12-26,317.16
1961-12-27,317.38
1961-12-28,317.19
1961-12-29,317.62
1961-12-30,317.7
1961-12-31,317.53
1962-01-01,317.28
1962-01-02,317.44
1962-01-03,317.7
1962-01-06,318.0
1962-01-07,317.74
1962-01-08,318.26
1962-01-09,318.37
1962-01-10,318.31
1962-01-11,318.23
1962-01-12,318.01
1962-01-13,318.04
1962-01-14,317.98
1962-01-15,318.02
1962-01-16,318.04
1962-01-17,318.03
1962-01-18,318.13
1962-01-19,318.2
1962-01-21,318.03
1962-01-22,318.14
1962-01-23,317.92
1962-01-24,317.83
1962-01-25,317.64
1962-01-26,317.91
1962-01-27,317.86
1962-01-28,317.92
1962-01-29,318.08
1962-01-30,317.47
1962-01-31,317.69
1962-02-01,318.09
1962-02-02,318.15
1962-02-03,318.13
1962-02-04,317.78
1962-02-05,317.92
1962-02-06,318.34
1962-02-07,318.36
1962-02-08,318.49
1962-02-09,318.32
1962-02-10,318.61
1962-02-11,318.85
1962-02-13,317.95
1962-02-14,318.02
1962-02-16,318.48
1962-02-17,318.68
1962-02-18,318.8
1962-02-19,318.86
1962-02-20,319.14
1962-02-21,319.4
1962-03-01,319.51
1962-03-02,319.38
1962-03-03,319.32
1962-03-04,319.19
1962-03-05,319.17
1962-03-06,319.28
1962-03-07,319.34
1962-03-09,319.32
1962-03-11,319.26
1962-03-12,319.71
1962-03-13,319.8
1962-03-14,319.87
1962-03-15,319.99
1962-03-16,319.93
1962-03-17,320.02
1962-03-18,320.01
1962-03-19,319.88
1962-03-20,319.78
1962-03-21,319.88
1962-03-22,319.89
1962-03-23,319.63
1962-03-24,319.58
1962-03-25,319.72
1962-03-26,319.74
1962-03-27,319.94
1962-03-28,320.68
1962-03-29,320.43
1962-03-30,320.18
1962-04-01,320.1
1962-04-02,320.21
1962-04-03,320.47
1962-04-04,320.96
1962-04-05,320.23
1962-04-06,320.27
1962-04-08,318.96
1962-04-09,320.04
1962-04-10,320.37
1962-04-11,321.24
1962-04-12,321.46
1962-04-13,321.13
1962-04-14,320.83
1962-04-15,321.06
1962-04-16,320.89
1962-04-17,320.76
1962-04-19,320.87
1962-04-20,321.15
1962-04-21,319.91
1962-04-22,320.44
1962-04-23,320.44
1962-04-25,320.51
1962-04-26,320.23
1962-04-27,319.93
1962-04-28,321.0
1962-04-29,320.56
1962-04-30,320.52
1962-05-02,320.41
1962-05-03,320.65
1962-05-04,320.7
1962-05-07,321.05
1962-05-08,320.97
1962-05-09,321.02
1962-05-11,320.28
1962-05-12,320.38
1962-05-13,321.11
1962-05-14,320.97
1962-05-15,321.65
1962-05-17,321.1
1962-05-18,321.04
1962-05-19,321.03
1962-05-20,321.03
1962-05-21,320.84
1962-05-22,320.95
1962-05-23,321.03
1962-05-24,320.64
1962-05-25,320.73
1962-05-26,320.94
1962-05-27,320.57
1962-05-28,320.71
1962-05-30,321.08
1962-05-31,320.51
1962-06-01,320.68
1962-06-03,320.8
1962-06-04,321.12
1962-06-05,321.12
1962-06-06,320.67
1962-06-07,320.81
1962-06-08,320.95
1962-06-09,320.95
1962-06-12,320.95
1962-06-13,320.98
1962-06-14,321.05
1962-06-15,320.59
1962-06-18,319.75
1962-06-19,320.44
1962-06-21,320.65
1962-06-22,320.55
1962-06-24,319.31
1962-06-25,319.23
1962-06-26,320.01
1962-06-27,320.11
1962-06-28,320.87
1962-06-29,320.92
1962-06-30,320.71
1962-07-01,319.42
1962-07-02,319.53
1962-07-03,319.85
1962-07-04,319.97
1962-07-05,319.36
1962-07-06,318.29
1962-07-08,320.5
1962-07-09,320.6
1962-07-10,320.01
1962-07-13,320.06
1962-07-14,320.26
1962-07-15,319.58
1962-07-16,319.93
1962-07-17,317.7
1962-07-18,317.75
1962-07-24,319.17
1962-07-25,319.32
1962-07-26,319.23
1962-07-27,318.86
1962-07-28,318.53
1962-07-29,318.53
1962-07-30,318.51
1962-07-31,318.77
1962-08-02,318.76
1962-08-03,318.79
1962-08-04,318.62
1962-08-08,318.28
1962-08-09,318.4
1962-08-14,317.22
1962-08-15,317.42
1962-08-16,317.52
1962-08-17,317.52
1962-09-13,316.53
1962-09-14,316.54
1962-09-15,316.55
1962-09-16,316.12
1962-09-17,316.21
1962-09-18,317.3
1962-09-19,316.47
1962-09-20,316.39
1962-09-22,314.79
1962-09-26,315.88
1962-09-27,315.73
1962-09-28,315.63
1962-09-29,316.05
1962-09-30,316.07
1962-10-01,316.21
1962-10-02,315.25
1962-10-05,315.02
1962-10-06,315.26
1962-10-07,314.92
1962-10-08,315.04
1962-10-09,315.23
1962-10-10,315.22
1962-10-11,315.18
1962-10-12,315.28
1962-10-16,315.85
1962-10-17,315.96
1962-10-21,315.47
1962-10-22,315.36
1962-10-23,315.8
1962-10-24,315.65
1962-10-25,316.21
1962-10-27,315.57
1962-10-28,315.81
1962-10-29,315.68
1962-10-30,315.73
1962-10-31,315.55
1962-11-01,315.81
1962-11-02,315.63
1962-11-03,315.74
1962-11-04,315.81
1962-11-05,316.2
1962-11-06,316.45
1962-11-07,316.47
1962-11-08,316.46
1962-11-09,316.26
1962-11-11,316.39
1962-11-12,316.24
1962-11-13,317.12
1962-11-14,317.31
1962-11-15,317.13
1962-11-16,317.04
1962-11-17,316.76
1962-11-18,316.39
1962-11-19,316.7
1962-11-20,316.85
1962-11-21,317.16
1962-11-22,317.19
1962-11-23,317.27
1962-11-24,316.89
1962-11-25,317.03
1962-11-26,317.12
1962-11-27,316.93
1962-11-28,317.29
1962-11-29,317.08
1962-11-30,317.02
1962-12-01,316.84
1962-12-02,317.52
1962-12-04,317.12
1962-12-05,317.22
1962-12-06,317.02
1962-12-07,317.61
1962-12-08,317.3
1962-12-09,317.33
1962-12-10,317.14
1962-12-12,317.53
1962-12-13,317.51
1962-12-14,317.68
1962-12-15,317.58
1962-12-16,317.62
1962-12-17,317.99
1962-12-18,317.73
1962-12-19,317.94
1962-12-20,318.24
1962-12-21,318.06
1962-12-22,318.57
1963-01-04,318.39
1963-01-05,318.4
1963-01-07,318.48
1963-01-08,318.84
1963-01-09,318.85
1963-01-10,318.7
1963-01-11,318.71
1963-01-12,318.49
1963-01-13,318.61
1963-01-14,319.05
1963-01-15,318.83
1963-01-16,318.56
1963-01-17,319.42
1963-01-18,319.24
1963-01-19,319.11
1963-01-20,318.56
1963-01-21,318.64
1963-01-22,318.92
1963-01-23,318.82
1963-01-24,318.74
1963-01-25,318.91
1963-01-26,318.94
1963-01-27,319.1
1963-01-28,318.65
1963-01-29,318.44
1963-01-30,318.6
1963-01-31,318.59
1963-02-01,318.86
1963-02-02,318.87
1963-02-03,318.7
1963-02-04,318.8
1963-02-05,318.78
1963-02-06,318.95
1963-02-07,319.38
1963-02-08,318.98
1963-02-09,318.68
1963-02-10,318.85
1963-02-11,319.01
1963-02-12,318.77
1963-02-25,319.28
1963-02-26,319.35
1963-02-27,319.47
1963-03-01,319.38
1963-03-02,319.38
1963-03-03,319.29
1963-03-04,319.18
1963-03-05,319.47
1963-03-06,319.48
1963-03-07,319.57
1963-03-08,319.68
1963-03-09,319.74
1963-03-10,319.75
1963-03-11,319.9
1963-03-14,319.21
1963-03-15,319.68
1963-03-16,319.85
1963-03-17,319.79
1963-03-18,319.93
1963-03-19,319.47
1963-03-20,319.99
1963-03-21,319.94
1963-03-22,320.34
1963-03-23,320.3
1963-03-24,320.33
1963-03-25,320.2
1963-03-26,320.43
1963-03-27,320.41
1963-03-28,320.3
1963-03-29,319.4
1963-03-30,320.35
1963-03-31,320.59
1963-04-01,320.02
1963-04-02,319.88
1963-04-03,319.82
1963-04-04,320.47
1963-04-05,320.7
1963-04-08,319.87
1963-04-09,319.93
1963-04-10,320.11
1963-04-11,320.38
1963-04-12,320.65
1963-04-13,320.51
1963-04-14,321.16
1963-04-15,321.67
1963-04-16,321.36
1963-04-17,321.43
1963-04-18,321.68
1963-04-21,322.52
1963-04-22,322.35
1963-04-23,322.08
1963-04-26,321.75
1963-04-27,321.71
1963-04-28,321.73
1963-04-29,321.95
1963-04-30,321.76
1963-05-08,322.06
1963-05-09,322.05
1963-05-14,321.72
1963-05-15,321.97
1963-05-16,321.88
1963-05-17,321.98
1963-05-18,322.16
1963-05-19,322.33
1963-05-20,322.49
1963-05-21,322.68
1963-05-22,322.26
1963-05-23,322.35
1963-05-24,322.38
1963-05-25,322.57
1963-05-27,322.48
1963-05-28,322.38
1963-05-29,322.51
1963-06-04,322.15
1963-06-05,322.24
1963-06-07,319.48
1963-06-09,321.3
1963-06-11,321.33
1963-06-12,321.42
1963-06-13,321.98
1963-06-14,321.96
1963-06-15,322.04
1963-06-18,321.02
1963-06-19,321.09
1963-06-21,320.68
1963-06-22,320.88
1963-06-25,320.85
1963-06-26,321.04
1963-06-27,320.76
1963-06-28,320.86
1963-06-29,320.79
1963-06-30,320.64
1963-07-01,319.44
1963-07-02,319.68
1963-07-03,320.26
1963-07-04,319.87
1963-07-05,320.54
1963-07-06,320.49
1963-07-07,320.04
1963-07-08,319.87
1963-07-09,319.93
1963-07-10,319.72
1963-07-11,319.86
1963-07-12,319.79
1963-07-13,319.8
1963-07-15,319.94
1963-07-16,319.86
1963-07-17,319.53
1963-07-18,319.0
1963-07-19,318.85
1963-07-21,319.6
1963-07-22,319.52
1963-07-23,319.25
1963-07-24,319.32
1963-07-25,319.07
1963-07-26,318.99
1963-07-27,318.24
1963-08-05,318.17
1963-08-06,318.31
1963-08-07,318.49
1963-08-08,318.49
1963-08-09,318.43
1963-08-10,318.41
1963-08-11,317.82
1963-08-12,318.02
1963-08-13,317.97
1963-08-14,317.95
1963-08-15,317.92
1963-08-16,317.26
1963-08-20,316.58
1963-08-21,316.99
1963-08-22,317.87
1963-08-23,317.39
1963-08-24,317.15
1963-08-25,317.3
1963-08-26,317.24
1963-08-29,317.09
1963-08-31,316.31
1963-09-02,317.32
1963-09-03,317.47
1963-09-04,317.07
1963-09-05,317.22
1963-09-06,317.02
1963-09-07,316.95
1963-09-08,316.85
1963-09-10,315.85
1963-09-11,315.96
1963-09-12,316.38
1963-09-13,315.98
1963-09-14,315.17
1963-09-16,316.27
1963-09-17,316.14
1963-09-18,315.9
1963-09-21,316.17
1963-09-22,315.97
1963-09-23,315.78
1963-09-24,315.64
1963-09-25,314.44
1963-09-26,315.59
1963-09-27,315.69
1963-10-01,315.88
1963-10-02,316.49
1963-10-03,316.33
1963-10-04,316.25
1963-10-05,316.13
1963-10-06,316.17
1963-10-09,315.77
1963-10-10,315.81
1963-10-12,315.72
1963-10-13,315.6
1963-10-14,315.28
1963-10-15,315.54
1963-10-16,315.35
1963-10-17,315.52
1963-10-18,315.71
1963-10-19,315.86
1963-10-20,316.23
1963-10-21,317.32
1963-10-22,317.04
1963-10-23,316.24
1963-10-24,316.73
1963-10-26,315.7
1963-10-27,315.66
1963-10-28,316.8
1963-10-29,316.61
1963-10-31,316.78
1963-11-01,316.37
1963-11-05,316.84
1963-11-06,316.62
1963-11-07,316.84
1963-11-08,316.77
1963-11-09,316.66
1963-11-10,316.73
1963-11-12,317.4
1963-11-13,317.09
1963-11-14,317.12
1963-11-18,316.79
1963-11-29,317.53
1963-11-30,317.58
1963-12-01,317.53
1963-12-02,317.75
1963-12-04,318.0
1963-12-06,317.91
1963-12-07,317.95
1963-12-08,318.07
1963-12-09,318.23
1963-12-10,317.66
1963-12-11,317.13
1963-12-13,317.85
1963-12-14,318.2
1963-12-15,318.5
1963-12-16,318.21
1963-12-17,318.28
1963-12-19,318.23
1963-12-20,318.27
1963-12-21,318.45
1963-12-22,318.63
1963-12-23,319.21
1963-12-24,318.97
1963-12-25,318.59
1963-12-26,318.57
1963-12-27,318.86
1963-12-28,319.05
1963-12-29,318.92
1963-12-30,318.4
1963-12-31,318.61
1964-01-01,318.78
1964-01-03,319.07
1964-01-04,318.96
1964-01-05,319.26
1964-01-07,318.86
1964-01-08,319.16
1964-01-09,319.0
1964-01-10,319.3
1964-01-11,319.37
1964-01-12,319.95
1964-01-13,319.99
1964-01-14,319.95
1964-01-15,319.82
1964-01-16,320.05
1964-01-17,320.11
1964-01-18,320.21
1964-01-20,319.79
1964-01-21,319.73
1964-06-01,321.91
1964-06-02,321.75
1964-06-03,321.74
1964-06-04,321.84
1964-06-05,322.2
1964-06-06,322.4
1964-06-11,321.03
1964-06-26,321.28
1964-06-27,321.53
1964-06-28,321.65
1964-07-01,321.19
1964-07-05,321.27
1964-07-06,321.08
1964-07-07,319.64
1964-07-09,318.34
1964-07-14,319.36
1964-07-16,319.93
1964-07-17,319.94
1964-07-18,319.91
1964-07-19,320.51
1964-07-20,320.7
1964-07-21,319.91
1964-07-22,320.01
1964-07-23,320.12
1964-07-25,319.92
1964-07-26,319.89
1964-07-27,319.99
1964-07-28,320.29
1964-08-08,318.69
1964-08-12,319.44
1964-08-18,318.78
1964-08-19,318.86
1964-08-20,318.41
1964-08-21,318.49
1964-08-22,318.23
1964-08-24,317.23
1964-08-28,317.6
1964-08-29,318.11
1964-08-30,318.09
1964-08-31,317.95
1964-09-01,317.92
1964-09-03,317.0
1964-09-06,317.39
1964-09-07,317.54
1964-09-08,317.36
1964-09-09,317.47
1964-09-16,315.7
1964-09-17,315.71
1964-09-25,316.88
1964-10-07,316.62
1964-10-08,317.03
1964-10-09,316.91
1964-10-10,316.95
1964-10-13,316.05
1964-10-14,316.49
1964-10-15,316.93
1964-10-16,317.0
1964-10-17,317.02
1964-10-18,316.23
1964-10-21,316.94
1964-10-22,316.76
1964-10-29,317.4
1964-10-30,317.55
1964-10-31,317.99
1964-11-01,317.56
1964-11-02,317.77
1964-11-03,317.42
1964-11-04,317.35
1964-11-05,317.32
1964-11-06,317.39
1964-11-07,317.77
1964-11-08,317.92
1964-11-09,317.77
1964-11-10,318.1
1964-11-11,317.59
1964-11-12,317.76
1964-11-13,317.63
1964-11-14,317.3
1964-11-15,317.5
1964-11-16,317.57
1964-11-17,317.41
1964-11-18,317.41
1964-11-19,317.66
1964-11-20,317.82
1964-11-21,317.51
1964-11-22,317.52
1964-11-23,317.38
1964-11-26,317.79
1964-11-27,318.47
1964-11-28,318.23
1964-11-29,318.17
1964-11-30,318.38
1964-12-01,318.04
1964-12-02,318.3
1964-12-03,318.35
1964-12-04,318.21
1964-12-05,318.39
1964-12-06,318.54
1964-12-07,318.62
1964-12-08,318.54
1964-12-09,318.34
1964-12-10,318.17
1964-12-11,318.52
1964-12-12,318.71
1964-12-13,318.96
1964-12-14,318.71
1964-12-15,318.95
1964-12-16,318.74
1964-12-17,318.48
1964-12-18,318.97
1964-12-19,318.91
1964-12-20,319.16
1964-12-21,319.27
1964-12-22,319.24
1964-12-24,318.91
1964-12-25,318.92
1964-12-26,318.99
1964-12-27,318.86
1964-12-28,318.83
1964-12-29,318.82
1964-12-30,319.01
1964-12-31,319.2
1965-01-01,319.09
1965-01-02,318.77
1965-01-03,318.95
1965-01-06,319.08
1965-01-07,318.89
1965-01-08,319.23
1965-01-09,319.33
1965-01-10,319.22
1965-01-11,319.2
1965-01-12,319.26
1965-01-13,319.15
1965-01-14,319.2
1965-01-15,319.71
1965-01-16,319.0
1965-01-17,319.1
1965-01-18,318.96
1965-01-19,318.54
1965-01-20,318.66
1965-01-22,320.23
1965-01-23,320.34
1965-01-24,319.53
1965-01-25,319.91
1965-01-26,319.92
1965-01-27,320.04
1965-01-28,319.89
1965-01-29,319.79
1965-01-30,320.43
1965-01-31,320.3
1965-02-01,320.18
1965-02-02,320.42
1965-02-04,320.03
1965-02-05,320.34
1965-02-06,320.2
1965-02-07,320.0
1965-02-08,320.06
1965-02-09,320.1
1965-02-10,320.13
1965-02-11,320.21
1965-02-12,320.37
1965-02-13,320.72
1965-02-14,319.75
1965-02-15,319.74
1965-02-16,320.11
1965-02-17,320.33
1965-02-18,320.95
1965-02-19,320.83
1965-02-20,320.8
1965-02-21,320.5
1965-02-22,320.97
1965-02-23,320.26
1965-02-24,320.73
1965-02-25,320.95
1965-02-26,321.53
1965-02-27,321.19
1965-03-01,320.6
1965-03-03,321.01
1965-03-04,320.65
1965-03-05,320.61
1965-03-06,321.5
1965-03-07,321.54
1965-03-08,321.11
1965-03-09,320.97
1965-03-10,320.95
1965-03-11,320.76
1965-03-12,320.71
1965-03-13,320.89
1965-03-14,320.84
1965-03-15,320.93
1965-03-16,320.82
1965-03-17,320.79
1965-03-18,320.61
1965-03-19,319.68
1965-03-20,319.7
1965-03-22,320.45
1965-03-23,320.89
1965-03-24,321.34
1965-03-25,321.69
1965-03-26,321.9
1965-03-27,321.53
1965-03-28,321.17
1965-03-29,321.09
1965-03-30,321.26
1965-03-31,321.64
1965-04-01,321.77
1965-04-02,322.07
1965-04-03,321.77
1965-04-04,322.11
1965-04-05,322.75
1965-04-06,322.55
1965-04-07,322.37
1965-04-08,321.95
1965-04-12,321.82
1965-04-13,322.12
1965-04-14,323.23
1965-04-15,322.72
1965-04-16,322.3
1965-04-17,322.38
1965-04-18,321.92
1965-04-19,321.51
1965-04-20,321.21
1965-04-24,321.97
1965-04-26,321.56
1965-04-27,321.89
1965-04-28,322.23
1965-04-29,322.42
1965-04-30,322.31
1965-05-01,322.56
1965-05-02,322.49
1965-05-03,322.34
1965-05-09,322.19
1965-05-12,322.29
1965-05-13,322.28
1965-05-14,321.67
1965-05-15,321.43
1965-05-16,321.44
1965-05-18,321.68
1965-05-19,322.09
1965-05-20,322.57
1965-05-22,322.23
1965-05-23,321.79
1965-05-24,321.68
1965-05-26,321.88
1965-05-27,322.33
1965-05-28,321.84
1965-05-29,322.25
1965-06-01,322.4
1965-06-02,321.63
1965-06-03,321.68
1965-06-04,321.39
1965-06-05,321.63
1965-06-06,321.93
1965-06-07,321.91
1965-06-08,321.65
1965-06-09,321.44
1965-06-10,321.64
1965-06-11,322.04
1965-06-12,322.09
1965-06-13,322.0
1965-06-14,321.86
1965-06-15,321.92
1965-06-16,321.6
1965-06-17,321.84
1965-06-18,321.79
1965-06-19,322.01
1965-06-20,321.47
1965-06-21,322.29
1965-06-22,322.05
1965-06-23,322.15
1965-06-24,322.03
1965-06-25,321.79
1965-06-26,320.97
1965-06-27,322.08
1965-06-28,321.94
1965-06-30,322.09
1965-07-01,322.26
1965-07-02,322.2
1965-07-03,322.06
1965-07-04,321.84
1965-07-08,321.69
1965-07-09,321.45
1965-07-10,322.46
1965-07-11,321.57
1965-07-12,321.83
1965-07-13,322.05
1965-07-14,321.94
1965-07-15,321.59
1965-07-16,321.49
1965-07-17,321.74
1965-07-18,321.29
1965-07-22,321.18
1965-07-23,320.66
1965-07-24,321.06
1965-07-25,320.27
1965-07-26,320.05
1965-07-27,319.25
1965-07-28,319.41
1965-08-01,320.04
1965-08-02,319.66
1965-08-03,319.41
1965-08-04,319.38
1965-08-05,319.49
1965-08-07,319.82
1965-08-08,319.44
1965-08-09,319.63
1965-08-10,319.39
1965-08-11,319.53
1965-08-12,319.58
1965-08-13,317.19
1965-08-14,317.08
1965-08-16,317.94
1965-08-17,317.93
1965-08-18,317.86
1965-08-19,319.11
1965-08-20,319.05
1965-08-21,319.28
1965-08-22,319.38
1965-08-25,319.75
1965-08-27,317.35
1965-08-29,318.94
1965-08-30,318.76
1965-08-31,318.32
1965-09-01,318.14
1965-09-06,318.31
1965-09-13,318.26
1965-09-14,317.39
1965-09-15,316.88
1965-09-16,318.19
1965-09-17,318.3
1965-09-21,318.29
1965-09-22,318.26
1965-09-24,316.49
1965-09-25,316.08
1965-09-26,316.15
1965-09-27,315.61
1965-09-29,315.81
1965-10-03,316.62
1965-10-04,316.77
1965-10-09,316.81
1965-10-10,317.25
1965-10-11,317.24
1965-10-13,317.89
1965-10-14,318.21
1965-10-15,317.54
1965-10-16,317.47
1965-10-17,317.83
1965-10-18,318.21
1965-10-20,318.03
1965-10-21,317.9
1965-10-22,317.11
1965-10-23,317.46
1965-10-25,317.66
1965-10-26,317.39
1965-11-01,317.89
1965-11-05,318.1
1965-11-08,318.87
1965-11-09,318.95
1965-11-12,319.51
1965-11-14,319.15
1965-11-15,318.61
1965-11-16,318.9
1965-11-17,318.65
1965-11-18,319.09
1965-11-19,318.59
1965-11-20,318.8
1965-11-21,319.07
1965-11-22,319.09
1965-11-23,318.92
1965-11-24,319.39
1965-11-25,319.67
1965-11-26,319.43
1965-11-27,318.97
1965-11-28,318.93
1965-11-29,318.99
1965-11-30,318.97
1965-12-01,318.94
1965-12-02,319.13
1965-12-03,319.25
1965-12-04,319.13
1965-12-05,318.93
1965-12-06,319.05
1965-12-07,319.41
1965-12-16,318.8
1965-12-17,319.11
1965-12-18,319.66
1965-12-19,319.67
1965-12-20,319.65
1965-12-21,319.49
1965-12-22,319.35
1965-12-23,319.64
1965-12-24,320.05
1965-12-25,320.02
1965-12-26,319.79
1965-12-27,319.77
1965-12-28,319.81
1965-12-29,319.8
1965-12-30,319.69
1965-12-31,319.82
1966-01-01,320.01
1966-01-02,320.02
1966-01-03,319.46
1966-01-06,321.04
1966-01-07,321.05
1966-01-08,320.04
1966-01-09,320.38
1966-01-10,320.63
1966-01-11,320.56
1966-01-12,320.9
1966-01-13,320.51
1966-01-14,320.79
1966-01-15,320.72
1966-01-16,320.54
1966-01-17,320.57
1966-01-18,320.37
1966-01-19,320.62
1966-01-20,321.04
1966-01-21,321.38
1966-01-22,321.2
1966-01-23,321.04
1966-01-24,320.94
1966-01-25,320.77
1966-01-26,321.1
1966-01-28,321.17
1966-01-29,321.03
1966-01-31,321.71
1966-02-01,321.68
1966-02-02,320.83
1966-02-03,321.08
1966-02-04,321.75
1966-02-05,321.51
1966-02-06,321.52
1966-02-07,321.14
1966-02-08,321.07
1966-02-09,321.49
1966-02-10,321.42
1966-02-11,321.29
1966-02-14,321.71
1966-02-15,321.61
1966-02-16,321.48
1966-02-17,321.53
1966-02-18,321.54
1966-02-19,322.01
1966-02-20,321.99
1966-02-21,322.14
1966-02-22,321.54
1966-02-23,321.59
1966-02-24,321.76
1966-02-25,321.39
1966-02-26,321.71
1966-02-27,321.97
1966-02-28,322.19
1966-03-01,321.6
1966-03-02,321.51
1966-03-03,322.09
1966-03-06,322.03
1966-03-07,322.27
1966-03-08,322.43
1966-03-09,322.25
1966-03-10,322.11
1966-03-11,322.08
1966-03-12,322.46
1966-03-13,322.35
1966-03-17,322.02
1966-03-18,322.25
1966-03-20,322.98
1966-03-21,323.08
1966-03-22,323.01
1966-03-23,323.14
1966-03-25,323.13
1966-03-26,323.11
1966-03-27,322.38
1966-03-31,323.32
1966-04-01,323.61
1966-04-02,323.35
1966-04-03,323.34
1966-04-04,324.07
1966-04-05,324.15
1966-04-07,323.88
1966-04-08,323.96
1966-04-12,323.7
1966-04-13,323.75
1966-04-14,323.41
1966-04-15,323.19
1966-04-16,324.01
1966-04-17,323.37
1966-04-18,323.9
1966-04-19,324.31
1966-04-20,324.32
1966-04-21,323.93
1966-04-22,323.54
1966-04-23,323.62
1966-04-27,323.62
1966-04-28,323.25
1966-04-29,323.32
1966-04-30,323.32
1966-05-01,323.66
1966-05-02,323.9
1966-05-03,323.81
1966-05-04,323.77
1966-05-05,323.87
1966-05-09,323.73
1966-05-10,323.9
1966-05-11,323.97
1966-05-12,323.31
1966-05-13,323.43
1966-05-16,324.13
1966-05-17,324.16
1966-05-18,324.4
1966-05-19,324.4
1966-05-20,322.83
1966-05-21,323.58
1966-05-22,323.46
1966-05-23,323.35
1966-05-24,323.71
1966-05-25,324.09
1966-05-26,324.55
1966-05-27,324.71
1966-05-28,324.63
1966-05-29,324.29
1966-05-30,324.31
1966-05-31,324.2
1966-06-01,324.11
1966-06-02,324.18
1966-06-03,324.09
1966-06-04,324.24
1966-06-05,324.16
1966-06-06,324.15
1966-06-07,324.42
1966-06-08,324.27
1966-06-09,323.91
1966-06-10,323.97
1966-06-11,323.9
1966-06-12,324.33
1966-06-13,323.27
1966-06-14,323.79
1966-06-15,323.78
1966-06-16,324.03
1966-06-17,323.95
1966-06-18,324.2
1966-06-19,323.74
1966-06-20,323.79
1966-06-21,323.64
1966-06-22,323.67
1966-06-23,323.27
1966-06-24,323.33
1966-06-25,323.46
1966-06-28,323.48
1966-06-29,323.31
1966-07-04,322.95
1966-07-05,322.5
1966-07-07,322.92
1966-07-08,323.19
1966-07-09,323.41
1966-07-10,323.07
1966-07-11,322.98
1966-08-03,321.2
1966-08-04,321.41
1966-08-05,321.21
1966-08-06,321.11
1966-08-07,320.58
1966-08-08,320.31
1966-08-12,320.73
1966-08-13,320.97
1966-08-16,320.93
1966-08-18,319.11
1966-08-19,319.05
1966-08-20,319.66
1966-08-24,317.64
1966-08-25,317.91
1966-08-27,320.9
1966-08-28,320.61
1966-08-29,320.12
1966-08-30,319.93
1966-08-31,320.7
1966-09-01,318.96
1966-09-04,319.77
1966-09-05,319.51
1966-09-09,318.08
1966-09-10,317.96
1966-09-13,318.65
1966-09-14,318.83
1966-09-15,319.02
1966-09-17,318.0
1966-09-18,318.89
1966-09-23,318.49
1966-09-24,318.27
1966-09-29,318.17
1966-09-30,318.2
1966-10-02,317.65
1966-10-03,317.93
1966-10-04,318.03
1966-10-05,318.15
1966-10-06,317.66
1966-10-07,317.85
1966-10-08,318.0
1966-10-09,318.15
1966-10-13,318.31
1966-10-14,318.21
1966-10-16,318.28
1966-10-20,318.57
1966-10-21,318.65
1966-10-22,318.93
1966-10-23,318.67
1966-10-24,318.4
1966-10-25,318.26
1966-10-26,318.49
1966-10-27,318.38
1966-10-28,318.21
1966-11-12,319.58
1966-11-13,319.34
1966-11-14,319.63
1966-11-15,319.66
1966-11-19,319.76
1966-11-21,319.75
1966-11-22,320.2
1966-11-23,320.07
1966-11-24,320.29
1966-11-26,320.35
1966-11-27,320.36
1966-11-29,319.74
1966-11-30,320.12
1966-12-05,320.39
1966-12-07,320.61
1966-12-08,321.03
1966-12-09,320.99
1966-12-10,320.96
1966-12-11,320.84
1966-12-12,320.85
1966-12-13,320.7
1966-12-14,320.64
1966-12-15,320.79
1966-12-16,321.29
1966-12-17,320.6
1966-12-18,321.48
1966-12-20,321.51
1966-12-21,321.55
1966-12-24,320.83
1966-12-25,320.97
1966-12-26,321.36
1966-12-27,321.32
1966-12-28,320.81
1966-12-29,321.04
1966-12-30,321.12
1966-12-31,320.98
1967-01-01,321.28
1967-01-02,321.61
1967-01-03,321.84
1967-01-04,321.74
1967-01-05,321.81
1967-01-06,322.03
1967-01-07,321.75
1967-01-08,321.81
1967-01-09,322.56
1967-01-10,322.8
1967-01-11,322.9
1967-02-04,321.72
1967-02-05,322.07
1967-02-07,322.84
1967-02-08,322.66
1967-02-09,322.11
1967-02-10,322.27
1967-02-13,322.25
1967-02-14,321.94
1967-02-15,322.7
1967-02-16,322.75
1967-02-17,322.84
1967-02-18,322.11
1967-02-19,322.38
1967-02-20,323.16
1967-02-21,323.15
1967-02-22,323.22
1967-02-23,322.7
1967-02-24,322.82
1967-03-02,323.19
1967-03-03,322.98
1967-03-04,323.03
1967-03-06,322.48
1967-03-07,322.81
1967-03-08,322.25
1967-03-09,322.18
1967-03-10,322.84
1967-03-11,322.84
1967-03-12,323.54
1967-03-13,322.94
1967-03-14,322.69
1967-03-15,322.21
1967-03-16,323.55
1967-03-17,323.32
1967-03-18,323.47
1967-04-03,323.05
1967-04-04,323.63
1967-04-05,324.27
1967-04-07,324.01
1967-04-08,324.11
1967-04-09,324.39
1967-04-10,324.22
1967-04-11,324.26
1967-04-12,324.58
1967-04-13,324.66
1967-04-14,324.58
1967-04-16,324.3
1967-04-17,324.19
1967-04-18,324.89
1967-04-19,324.96
1967-04-21,325.28
1967-04-22,323.88
1967-04-24,324.6
1967-04-25,325.04
1967-04-26,325.14
1967-04-27,325.3
1967-04-28,325.1
1967-04-29,325.2
1967-05-01,324.85
1967-05-02,325.38
1967-05-03,325.26
1967-05-11,324.83
1967-05-12,324.83
1967-05-13,324.87
1967-05-14,324.81
1967-05-16,324.82
1967-05-17,324.68
1967-05-18,325.4
1967-05-20,325.41
1967-05-21,325.14
1967-05-22,325.26
1967-05-23,324.57
1967-05-24,324.75
1967-05-25,325.1
1967-05-26,324.46
1967-05-27,324.53
1967-06-03,324.62
1967-06-04,324.65
1967-06-05,324.94
1967-06-06,325.06
1967-06-07,324.76
1967-06-08,324.39
1967-06-11,324.69
1967-06-17,323.21
1967-06-18,323.18
1967-06-19,323.51
1967-06-20,323.81
1967-06-21,323.32
1967-06-22,323.57
1967-06-23,323.26
1967-06-25,323.88
1967-06-26,323.76
1967-06-29,323.3
1967-06-30,323.07
1967-07-02,322.95
1967-07-03,322.96
1967-07-04,323.13
1967-07-05,323.34
1967-07-06,322.9
1967-07-11,322.42
1967-07-25,322.58
1967-07-26,322.64
1967-07-27,322.0
1967-07-28,322.14
1967-07-30,321.45
1967-08-04,321.95
1967-08-05,322.21
1967-08-06,321.88
1967-08-07,321.29
1967-08-08,320.26
1967-08-11,322.26
1967-08-13,321.0
1967-08-14,320.82
1967-08-15,321.55
1967-08-16,321.13
1967-08-17,320.43
1967-08-18,320.7
1967-08-19,320.79
1967-08-22,319.08
1967-08-23,318.85
1967-08-25,320.59
1967-08-26,320.6
1967-08-27,320.25
1967-08-28,320.27
1967-08-30,319.62
1967-08-31,319.59
1967-09-01,320.26
1967-09-02,320.08
1967-09-03,320.08
1967-09-09,319.22
1967-09-10,318.91
1967-09-11,318.6
1967-09-12,318.71
1967-09-13,318.03
1967-09-14,318.17
1967-09-16,320.19
1967-09-17,319.96
1967-09-18,319.13
1967-09-19,319.51
1967-09-20,319.12
1967-09-21,319.06
1967-09-22,319.29
1967-09-23,319.35
1967-09-25,318.78
1967-09-26,318.97
1967-09-27,319.18
1967-09-29,319.52
1967-09-30,319.7
1967-10-01,318.03
1967-10-02,318.79
1967-10-03,318.56
1967-10-04,318.63
1967-10-05,318.66
1967-10-08,319.83
1967-10-09,319.78
1967-10-10,319.84
1967-10-11,319.73
1967-10-12,319.61
1967-10-13,319.26
1967-10-14,319.62
1967-10-15,319.87
1967-10-18,319.72
1967-10-19,319.55
1967-10-20,319.52
1967-10-21,319.13
1967-10-24,319.66
1967-10-25,319.67
1967-10-26,319.89
1967-10-27,320.11
1967-10-29,319.7
1967-10-30,319.68
1967-11-03,320.29
1967-11-06,320.46
1967-11-07,320.05
1967-11-08,319.81
1967-11-09,319.53
1967-11-10,320.36
1967-11-11,320.57
1967-11-14,320.45
1967-11-15,320.41
1967-11-18,320.81
1967-11-19,320.68
1967-11-20,320.95
1967-11-21,320.95
1967-11-22,321.73
1967-11-23,321.35
1967-11-25,320.97
1967-11-26,321.48
1967-11-27,321.52
1967-11-28,321.77
1967-11-29,320.82
1967-12-02,321.73
1967-12-03,321.54
1967-12-04,321.85
1967-12-05,321.16
1967-12-06,321.25
1967-12-09,321.45
1967-12-10,321.36
1967-12-11,322.07
1967-12-12,322.73
1967-12-13,323.21
1967-12-14,322.6
1967-12-15,321.92
1967-12-19,322.09
1967-12-20,322.07
1967-12-21,321.86
1967-12-22,321.54
1967-12-23,321.86
1967-12-24,321.66
1967-12-25,322.2
1967-12-26,322.18
1967-12-27,322.05
1967-12-29,322.33
1967-12-30,323.27
1968-01-04,322.27
1968-01-05,322.37
1968-01-06,322.49
1968-01-07,322.86
1968-01-08,322.7
1968-01-09,322.15
1968-01-10,322.46
1968-01-12,322.27
1968-01-15,322.91
1968-01-16,322.79
1968-01-17,322.44
1968-01-18,322.64
1968-01-19,322.82
1968-01-23,322.31
1968-01-24,322.79
1968-01-25,322.89
1968-01-28,322.49
1968-01-29,323.02
1968-01-30,322.68
1968-01-31,322.3
1968-02-01,322.67
1968-02-02,323.01
1968-02-04,322.32
1968-02-05,322.22
1968-02-06,322.5
1968-02-07,323.03
1968-02-09,324.39
1968-02-10,322.88
1968-02-11,322.85
1968-02-12,322.71
1968-02-13,322.86
1968-02-18,324.05
1968-02-19,323.65
1968-02-21,323.05
1968-02-22,323.17
1968-02-23,323.43
1968-02-24,323.44
1968-02-25,323.39
1968-02-26,323.09
1968-02-27,322.91
1968-02-28,323.16
1968-03-05,322.94
1968-03-07,323.91
1968-03-08,323.77
1968-03-13,323.3
1968-03-14,323.55
1968-03-15,323.78
1968-03-16,323.9
1968-03-17,323.39
1968-03-18,323.84
1968-03-20,324.06
1968-03-21,324.4
1968-03-22,324.08
1968-03-23,324.03
1968-03-24,324.7
1968-03-25,324.11
1968-03-27,324.71
1968-03-28,324.74
1968-03-29,324.78
1968-03-30,324.87
1968-03-31,324.91
1968-04-02,324.65
1968-04-03,324.68
1968-04-04,324.78
1968-04-05,324.73
1968-04-06,324.68
1968-04-07,324.98
1968-04-08,324.54
1968-04-09,324.38
1968-04-11,325.26
1968-04-12,324.67
1968-04-13,324.18
1968-04-16,324.65
1968-04-17,324.81
1968-04-25,325.86
1968-04-26,325.33
1968-04-27,325.61
1968-04-28,325.54
1968-05-19,325.54
1968-05-20,325.62
1968-05-21,326.0
1968-05-22,325.97
1968-05-23,325.91
1968-06-03,325.52
1968-06-04,325.33
1968-06-05,325.51
1968-06-07,325.78
1968-06-08,325.78
1968-06-09,325.84
1968-06-10,325.53
1968-06-12,325.32
1968-06-19,324.99
1968-06-20,324.91
1968-06-22,325.07
1968-06-23,325.08
1968-06-28,324.99
1968-06-29,324.7
1968-07-01,324.47
1968-07-02,324.28
1968-07-03,323.81
1968-07-05,324.89
1968-07-06,324.62
1968-07-07,324.87
1968-07-08,324.66
1968-07-10,324.16
1968-07-11,324.0
1968-07-13,324.46
1968-07-14,323.8
1968-07-15,324.06
1968-07-16,324.07
1968-07-17,324.08
1968-07-18,323.92
1968-07-19,324.16
1968-07-20,324.13
1968-07-21,323.87
1968-07-23,323.4
1968-07-24,322.98
1968-07-25,323.05
1968-07-26,323.71
1968-07-27,323.61
1968-07-28,323.44
1968-07-29,323.51
1968-07-30,323.33
1968-07-31,323.04
1968-08-01,321.76
1968-08-02,322.02
1968-08-04,321.17
1968-08-05,322.09
1968-08-06,322.82
1968-08-07,322.13
1968-08-08,321.66
1968-08-11,322.11
1968-08-12,322.4
1968-08-13,321.83
1968-08-21,321.89
1968-08-22,321.91
1968-08-27,321.8
1968-08-28,321.97
1968-09-02,321.31
1968-09-03,321.11
1968-09-04,320.92
1968-09-05,320.56
1968-09-07,320.44
1968-09-08,320.46
1968-09-11,321.73
1968-09-12,321.38
1968-09-13,320.9
1968-09-14,321.06
1968-09-15,321.22
1968-09-16,321.45
1968-09-17,321.0
1968-09-22,320.04
1968-09-23,319.51
1968-09-24,319.93
1968-09-26,319.34
1968-09-27,319.64
1968-09-28,319.41
1968-09-29,318.85
1968-09-30,319.18
1968-10-01,321.05
1968-10-02,320.5
1968-10-03,321.08
1968-10-04,321.11
1968-10-05,320.77
1968-10-06,320.24
1968-10-07,320.42
1968-10-08,320.33
1968-10-09,320.46
1968-10-12,320.94
1968-10-13,320.39
1968-10-14,320.59
1968-10-15,320.58
1968-10-16,320.27
1968-10-17,320.14
1968-10-18,320.63
1968-10-19,320.19
1968-10-20,320.11
1968-10-21,319.86
1968-10-22,320.0
1968-10-23,320.26
1968-10-24,320.01
1968-10-26,319.92
1968-10-28,320.07
1968-10-29,320.0
1968-11-01,320.49
1968-11-02,320.61
1968-11-03,320.89
1968-11-04,320.87
1968-11-05,320.9
1968-11-06,320.96
1968-11-07,320.88
1968-11-08,320.67
1968-11-09,320.83
1968-11-10,320.89
1968-11-11,321.06
1968-11-14,320.94
1968-11-15,321.22
1968-11-16,321.38
1968-11-17,321.5
1968-11-18,321.53
1968-11-19,321.46
1968-11-20,321.23
1968-11-22,322.0
1968-11-23,321.82
1968-11-24,321.78
1968-11-25,321.82
1968-11-28,321.45
1968-11-29,321.65
1968-11-30,322.66
1968-12-01,322.52
1968-12-02,322.45
1968-12-03,322.34
1968-12-04,322.24
1968-12-08,322.44
1968-12-09,322.49
1968-12-10,322.51
1968-12-11,322.57
1968-12-12,323.04
1968-12-13,323.19
1968-12-14,322.83
1968-12-16,323.83
1968-12-17,323.54
1968-12-18,323.31
1968-12-19,323.77
1968-12-20,323.51
1968-12-21,323.22
1968-12-22,323.2
1968-12-30,323.95
1968-12-31,324.09
1969-01-03,324.0
1969-01-11,324.58
1969-01-15,324.95
1969-01-17,324.7
1969-01-18,324.34
1969-01-19,324.61
1969-01-20,324.47
1969-01-21,324.49
1969-01-22,324.43
1969-01-23,324.44
1969-01-24,324.48
1969-01-25,324.22
1969-01-26,324.25
1969-01-27,323.99
1969-01-28,323.71
1969-01-29,324.29
1969-01-30,324.36
1969-02-02,324.25
1969-02-03,324.34
1969-02-04,323.82
1969-02-05,324.07
1969-02-06,323.83
1969-02-07,323.77
1969-02-08,323.78
1969-02-09,323.73
1969-02-10,323.39
1969-02-11,323.1
1969-02-16,323.81
1969-02-17,324.04
1969-02-18,325.22
1969-02-19,325.31
1969-02-20,325.15
1969-02-21,324.69
1969-02-22,324.46
1969-02-25,324.41
1969-02-26,324.58
1969-03-01,325.24
1969-03-02,324.65
1969-03-03,324.8
1969-03-04,324.84
1969-03-05,324.82
1969-03-06,325.42
1969-03-07,325.27
1969-03-08,325.27
1969-03-09,325.32
1969-03-10,325.38
1969-03-11,325.17
1969-03-12,325.27
1969-03-13,326.65
1969-03-14,326.59
1969-03-15,325.87
1969-03-16,326.01
1969-03-17,324.91
1969-03-18,325.04
1969-03-19,325.59
1969-03-20,325.38
1969-03-21,325.87
1969-03-22,325.85
1969-03-23,326.74
1969-03-24,326.8
1969-03-28,325.95
1969-03-30,324.94
1969-03-31,325.86
1969-04-01,325.96
1969-04-02,326.04
1969-04-03,326.25
1969-04-04,326.15
1969-04-05,326.37
1969-04-06,326.43
1969-04-07,328.81
1969-04-08,328.07
1969-04-09,326.84
1969-04-10,327.06
1969-04-11,326.95
1969-04-12,326.99
1969-04-13,327.28
1969-04-14,326.53
1969-04-15,326.84
1969-04-16,326.99
1969-04-17,327.11
1969-04-18,326.93
1969-04-19,326.68
1969-04-21,326.33
1969-04-23,326.16
1969-04-24,326.03
1969-04-25,326.34
1969-04-26,326.39
1969-04-27,326.56
1969-04-28,326.72
1969-04-29,327.12
1969-05-01,327.56
1969-05-02,327.42
1969-05-03,327.22
1969-05-05,328.16
1969-05-06,327.86
1969-05-07,327.56
1969-05-08,326.98
1969-05-09,327.8
1969-05-12,327.29
1969-05-13,327.13
1969-05-14,326.67
1969-05-15,326.44
1969-05-17,327.13
1969-05-18,327.12
1969-05-19,327.03
1969-05-20,326.91
1969-05-21,326.05
1969-05-23,325.74
1969-05-24,326.18
1969-05-25,327.67
1969-05-26,328.04
1969-05-27,327.93
1969-06-01,327.86
1969-06-02,327.42
1969-06-03,327.52
1969-06-04,327.43
1969-06-05,326.38
1969-06-06,326.5
1969-06-10,326.24
1969-06-11,326.87
1969-06-17,326.47
1969-06-18,326.57
1969-06-19,326.6
1969-06-20,327.16
1969-06-21,327.18
1969-06-22,327.01
1969-06-24,326.92
1969-06-25,326.91
1969-06-26,326.22
1969-06-27,326.21
1969-06-28,326.73
1969-06-29,326.48
1969-06-30,326.3
1969-07-01,326.42
1969-07-02,325.7
1969-07-03,325.17
1969-07-04,326.56
1969-07-06,326.51
1969-07-07,326.9
1969-07-08,327.03
1969-07-09,326.6
1969-07-12,326.45
1969-07-13,325.82
1969-07-14,325.43
1969-07-15,325.31
1969-07-16,325.84
1969-07-17,325.83
1969-07-19,325.26
1969-07-20,325.36
1969-07-21,325.74
1969-07-22,325.57
1969-07-28,325.31
1969-07-29,325.43
1969-07-30,325.21
1969-07-31,324.85
1969-08-02,322.91
1969-08-08,323.45
1969-08-09,323.65
1969-08-11,324.51
1969-08-12,324.61
1969-08-13,324.46
1969-08-14,323.2
1969-08-15,323.02
1969-08-17,323.42
1969-08-18,322.4
1969-08-19,321.61
1969-08-20,321.83
1969-08-27,323.82
1969-08-28,323.41
1969-08-29,323.28
1969-08-30,323.43
1969-08-31,323.33
1969-09-01,323.3
1969-09-02,323.18
1969-09-03,322.27
1969-09-04,321.94
1969-09-08,322.35
1969-09-09,322.73
1969-09-10,323.21
1969-09-13,322.4
1969-09-14,322.57
1969-09-15,322.42
1969-09-16,321.56
1969-09-18,322.95
1969-09-19,323.1
1969-09-21,321.21
1969-09-22,321.31
1969-09-23,322.18
1969-09-24,322.33
1969-09-25,322.42
1969-09-26,322.23
1969-09-27,322.15
1969-09-28,321.67
1969-09-29,321.64
1969-09-30,321.73
1969-10-01,321.96
1969-10-03,321.86
1969-10-04,321.72
1969-10-05,320.41
1969-10-06,320.53
1969-10-07,321.98
1969-10-08,321.81
1969-10-09,321.86
1969-10-10,321.92
1969-10-11,322.36
1969-10-12,322.21
1969-10-13,321.6
1969-10-14,321.38
1969-10-15,322.08
1969-10-16,321.87
1969-10-17,321.71
1969-10-18,321.52
1969-10-19,322.01
1969-10-20,322.31
1969-10-21,322.89
1969-10-22,321.71
1969-10-23,321.97
1969-10-24,322.18
1969-10-25,322.02
1969-10-26,321.9
1969-10-28,322.3
1969-10-29,322.32
1969-10-30,322.14
1969-10-31,322.07
1969-11-01,322.09
1969-11-02,322.19
1969-11-03,322.26
1969-11-04,322.6
1969-11-05,322.72
1969-11-06,322.53
1969-11-07,322.6
1969-11-08,322.57
1969-11-09,322.56
1969-11-10,322.36
1969-11-11,322.48
1969-11-12,322.51
1969-11-13,322.86
1969-11-14,322.57
1969-11-15,322.55
1969-11-16,322.7
1969-11-17,322.9
1969-11-18,322.68
1969-11-19,322.85
1969-11-20,322.76
1969-11-21,323.03
1969-11-22,322.72
1969-11-23,323.15
1969-11-24,322.96
1969-11-27,323.65
1969-11-28,323.76
1969-11-29,323.45
1969-12-01,323.86
1969-12-02,324.1
1969-12-03,323.81
1969-12-04,323.72
1969-12-05,323.89
1969-12-06,323.87
1969-12-07,323.88
1969-12-08,323.86
1969-12-09,323.75
1969-12-10,323.87
1969-12-11,324.06
1969-12-12,324.42
1969-12-13,324.09
1969-12-14,323.76
1969-12-15,324.34
1969-12-16,324.25
1969-12-17,323.93
1969-12-18,323.97
1969-12-19,323.72
1969-12-21,324.23
1969-12-22,324.4
1969-12-23,324.3
1969-12-24,324.32
1969-12-25,324.32
1969-12-26,325.04
1969-12-27,324.39
1969-12-28,324.29
1969-12-29,324.2
1969-12-30,324.4
1969-12-31,324.8
1970-01-01,324.31
1970-01-02,324.54
1970-01-03,324.45
1970-01-04,324.39
1970-01-05,324.69
1970-01-06,325.28
1970-01-07,325.64
1970-01-08,325.34
1970-01-09,325.48
1970-01-10,325.22
1970-01-11,325.49
1970-01-12,325.27
1970-01-13,325.05
1970-01-14,324.83
1970-01-15,324.65
1970-01-16,324.93
1970-01-17,324.89
1970-01-18,324.95
1970-01-19,324.74
1970-01-20,324.7
1970-01-21,324.38
1970-01-22,324.62
1970-01-23,324.79
1970-01-24,324.88
1970-01-25,324.75
1970-01-26,324.98
1970-01-27,325.29
1970-01-28,325.44
1970-01-29,325.51
1970-01-30,325.83
1970-01-31,325.74
1970-02-02,326.12
1970-02-03,326.12
1970-02-04,325.99
1970-02-06,324.87
1970-02-07,325.75
1970-02-08,325.75
1970-02-10,326.01
1970-02-11,326.16
1970-02-12,325.98
1970-02-13,325.04
1970-02-14,326.14
1970-02-15,326.37
1970-02-16,326.3
1970-02-17,326.18
1970-02-18,326.45
1970-02-19,326.11
1970-02-20,326.09
1970-02-21,326.23
1970-02-22,326.1
1970-02-23,326.38
1970-02-25,325.97
1970-02-26,326.01
1970-02-27,325.97
1970-02-28,326.07
1970-03-01,326.13
1970-03-02,326.31
1970-03-03,326.33
1970-03-04,326.6
1970-03-05,326.56
1970-03-07,326.04
1970-03-08,327.04
1970-03-09,327.26
1970-03-10,327.53
1970-03-11,326.56
1970-03-14,326.75
1970-03-15,326.71
1970-03-18,327.76
1970-03-19,327.35
1970-03-20,327.76
1970-03-21,328.18
1970-03-22,327.55
1970-03-23,327.45
1970-03-27,327.16
1970-03-28,327.25
1970-03-29,327.16
1970-03-30,326.85
1970-04-01,327.01
1970-04-02,327.46
1970-04-03,327.07
1970-04-04,328.92
1970-04-05,328.95
1970-04-08,328.75
1970-04-09,327.56
1970-04-10,327.14
1970-04-11,327.29
1970-04-12,327.9
1970-04-15,326.75
1970-04-16,327.56
1970-04-17,327.47
1970-04-18,327.01
1970-04-20,328.52
1970-04-21,328.69
1970-04-22,328.43
1970-04-23,328.7
1970-04-24,328.47
1970-04-25,328.13
1970-04-26,328.53
1970-04-27,328.82
1970-04-28,328.28
1970-04-29,328.29
1970-04-30,328.43
1970-05-01,328.23
1970-05-02,327.12
1970-05-03,327.2
1970-05-04,327.37
1970-05-05,327.76
1970-05-06,327.8
1970-05-07,327.03
1970-05-08,327.37
1970-05-09,327.29
1970-05-10,327.7
1970-05-11,327.49
1970-05-12,327.58
1970-05-13,327.87
1970-05-16,328.03
1970-05-17,327.87
1970-05-18,328.07
1970-05-23,328.66
1970-05-25,329.0
1970-05-26,329.02
1970-05-27,328.35
1970-05-31,328.71
1970-06-01,328.52
1970-06-02,328.76
1970-06-03,327.16
1970-06-04,327.49
1970-06-05,327.68
1970-06-06,327.36
1970-06-07,327.58
1970-06-08,327.73
1970-06-09,327.62
1970-06-10,327.48
1970-06-11,327.54
1970-06-12,327.26
1970-06-13,327.42
1970-06-14,328.06
1970-06-16,328.14
1970-06-17,328.13
1970-06-18,327.98
1970-06-19,327.64
1970-06-20,327.59
1970-06-21,327.74
1970-06-22,327.82
1970-06-23,327.92
1970-06-26,327.63
1970-06-27,326.46
1970-06-28,327.56
1970-06-29,326.99
1970-06-30,327.8
1970-07-01,327.31
1970-07-02,327.15
1970-07-03,326.69
1970-07-04,327.92
1970-07-05,327.74
1970-07-09,326.43
1970-07-10,325.88
1970-07-14,326.14
1970-07-15,326.34
1970-07-18,326.87
1970-07-19,326.82
1970-07-20,325.92
1970-07-21,325.03
1970-07-22,326.42
1970-07-23,326.92
1970-07-24,326.61
1970-07-25,325.4
1970-07-26,324.71
1970-07-27,325.08
1970-07-28,325.13
1970-07-29,325.86
1970-07-30,325.81
1970-07-31,325.35
1970-08-01,324.64
1970-08-03,325.78
1970-08-04,326.07
1970-08-05,326.2
1970-08-10,324.67
1970-08-11,324.91
1970-08-12,324.55
1970-08-13,324.68
1970-08-14,324.72
1970-08-15,324.73
1970-08-16,324.83
1970-08-17,325.01
1970-08-18,324.92
1970-08-20,324.89
1970-08-21,325.0
1970-08-26,324.11
1970-08-27,324.21
1970-08-28,324.35
1970-08-29,324.44
1970-08-30,322.49
1970-08-31,322.81
1970-09-01,322.97
1970-09-02,323.05
1970-09-03,323.21
1970-09-05,322.99
1970-09-06,322.85
1970-09-07,322.7
1970-09-08,322.87
1970-09-09,323.09
1970-09-10,323.37
1970-09-23,323.35
1970-09-24,322.78
1970-09-29,322.87
1970-10-02,324.12
1970-10-03,324.09
1970-10-05,323.46
1970-10-06,323.66
1970-10-09,323.7
1970-10-10,323.88
1970-10-11,323.52
1970-10-16,322.16
1970-10-21,322.88
1970-10-22,322.87
1970-10-23,322.59
1970-10-24,322.92
1970-10-25,323.19
1970-10-26,323.01
1970-10-27,322.85
1970-10-28,323.13
1970-10-29,323.01
1970-10-30,323.25
1970-10-31,322.83
1970-11-04,323.01
1970-11-05,322.92
1970-11-06,323.2
1970-11-07,323.92
1970-11-08,323.98
1970-11-09,324.18
1970-11-10,324.18
1970-11-12,323.99
1970-11-13,323.72
1970-11-17,323.93
1970-11-18,324.33
1970-11-19,324.37
1970-11-20,324.25
1970-11-21,324.08
1970-11-22,324.21
1970-11-23,324.26
1970-11-24,324.46
1970-11-25,324.6
1970-11-26,324.67
1970-11-27,324.9
1970-11-29,324.3
1970-11-30,324.55
1970-12-01,324.77
1970-12-02,324.85
1970-12-03,324.81
1970-12-04,324.77
1970-12-05,324.99
1970-12-06,325.34
1970-12-07,324.62
1970-12-08,324.71
1970-12-09,324.96
1970-12-10,324.82
1970-12-11,325.12
1970-12-12,324.79
1970-12-13,325.0
1970-12-14,325.27
1970-12-15,325.46
1970-12-16,326.0
1970-12-17,325.77
1970-12-18,325.05
1970-12-19,325.23
1970-12-20,325.37
1970-12-22,325.25
1970-12-23,325.41
1970-12-24,325.43
1970-12-25,326.15
1970-12-26,326.21
1970-12-30,325.16
1970-12-31,325.37
1971-01-04,325.98
1971-01-05,325.96
1971-01-06,326.7
1971-01-07,326.79
1971-01-08,326.1
1971-01-09,325.56
1971-01-10,325.27
1971-01-11,325.36
1971-01-12,325.21
1971-01-13,325.27
1971-01-14,326.01
1971-01-15,326.29
1971-01-16,326.19
1971-01-17,326.0
1971-01-18,325.83
1971-01-19,325.86
1971-01-20,326.53
1971-01-21,327.05
1971-01-23,326.64
1971-01-24,326.64
1971-01-25,326.48
1971-01-26,326.88
1971-01-27,326.7
1971-01-28,326.07
1971-01-29,327.04
1971-01-30,327.14
1971-01-31,326.99
1971-02-01,326.38
1971-02-02,326.52
1971-02-03,326.51
1971-02-04,326.74
1971-02-05,326.69
1971-02-06,327.08
1971-02-07,326.47
1971-02-08,326.34
1971-02-09,326.37
1971-02-10,326.09
1971-02-11,326.03
1971-02-12,326.28
1971-02-13,327.01
1971-02-14,326.61
1971-02-15,326.41
1971-02-16,326.8
1971-02-17,326.8
1971-02-18,326.54
1971-02-19,326.74
1971-02-20,326.44
1971-02-21,326.66
1971-02-22,327.22
1971-02-23,326.79
1971-02-24,326.85
1971-02-26,327.06
1971-02-27,327.35
1971-02-28,327.05
1971-03-01,327.18
1971-03-07,327.25
1971-03-08,327.04
1971-03-09,326.88
1971-03-10,327.24
1971-03-11,327.55
1971-03-12,327.94
1971-03-13,327.18
1971-03-14,326.89
1971-03-15,327.05
1971-03-16,328.09
1971-03-17,327.22
1971-03-18,326.79
1971-03-19,327.24
1971-03-20,327.45
1971-03-21,327.18
1971-03-22,327.13
1971-03-23,326.3
1971-03-24,325.51
1971-03-25,325.79
1971-03-26,328.47
1971-03-27,327.92
1971-03-28,328.65
1971-03-29,327.57
1971-03-30,327.55
1971-04-02,327.57
1971-04-03,327.22
1971-04-04,327.31
1971-04-05,326.84
1971-04-06,327.05
1971-04-07,327.08
1971-04-08,326.78
1971-04-09,326.83
1971-04-10,326.96
1971-04-11,327.34
1971-04-15,327.16
1971-04-17,327.45
1971-04-18,327.59
1971-04-19,327.88
1971-04-20,328.6
1971-04-21,328.04
1971-04-22,328.75
1971-04-23,329.01
1971-04-24,328.77
1971-04-25,328.35
1971-04-26,327.96
1971-04-27,328.19
1971-04-28,328.69
1971-04-29,327.84
1971-04-30,327.06
1971-05-01,327.7
1971-05-02,328.4
1971-05-03,328.94
1971-05-04,329.03
1971-05-05,329.15
1971-05-06,329.44
1971-05-07,329.45
1971-05-08,328.97
1971-05-09,328.82
1971-05-10,328.78
1971-05-11,329.21
1971-05-12,329.63
1971-05-13,329.1
1971-05-14,329.5
1971-05-15,329.48
1971-05-17,329.01
1971-05-18,329.06
1971-05-19,329.1
1971-05-20,329.22
1971-05-21,328.77
1971-05-22,328.84
1971-05-23,328.9
1971-05-24,329.01
1971-05-25,328.92
1971-05-26,328.92
1971-05-27,328.87
1971-05-28,328.89
1971-05-29,328.63
1971-05-30,328.49
1971-06-01,328.43
1971-06-02,328.26
1971-06-03,328.42
1971-06-04,328.93
1971-06-05,328.91
1971-06-06,329.04
1971-06-08,328.03
1971-06-09,328.71
1971-06-10,329.25
1971-06-11,329.22
1971-06-12,329.0
1971-06-13,328.97
1971-06-14,327.95
1971-06-15,328.29
1971-06-16,328.41
1971-06-17,328.2
1971-06-18,327.37
1971-06-19,328.64
1971-06-20,327.93
1971-06-21,328.11
1971-06-22,328.48
1971-06-23,328.49
1971-06-24,328.47
1971-06-26,329.25
1971-06-27,328.44
1971-06-28,328.17
1971-06-29,327.76
1971-06-30,327.71
1971-07-01,327.68
1971-07-02,327.56
1971-07-03,327.74
1971-07-04,327.91
1971-07-06,328.08
1971-07-07,327.81
1971-07-08,328.38
1971-07-09,328.08
1971-07-10,328.54
1971-07-11,328.18
1971-07-12,327.21
1971-07-13,327.24
1971-07-14,327.42
1971-07-15,327.01
1971-07-16,327.15
1971-07-17,328.05
1971-07-18,327.56
1971-07-19,327.74
1971-07-20,327.53
1971-07-21,327.23
1971-07-22,326.48
1971-07-23,326.07
1971-07-24,325.86
1971-07-25,325.75
1971-07-26,326.05
1971-08-02,326.88
1971-08-03,326.66
1971-08-04,326.96
1971-08-05,325.6
1971-08-06,325.97
1971-08-07,326.27
1971-08-10,325.5
1971-08-11,325.62
1971-08-17,325.59
1971-08-18,325.44
1971-08-19,325.62
1971-08-20,325.85
1971-08-21,325.91
1971-08-22,325.68
1971-08-26,324.32
1971-08-27,323.64
1971-08-28,323.14
1971-08-29,323.51
1971-08-30,323.51
1971-08-31,323.56
1971-09-01,322.99
1971-09-03,323.54
1971-09-04,324.28
1971-09-05,324.19
1971-09-06,323.78
1971-09-07,323.64
1971-09-08,322.97
1971-09-09,323.32
1971-09-10,322.55
1971-09-11,321.57
1971-09-13,324.08
1971-09-14,323.82
1971-09-15,323.72
1971-09-16,323.32
1971-09-17,323.73
1971-09-21,322.19
1971-09-22,322.7
1971-09-23,323.15
1971-09-24,322.4
1971-09-25,322.74
1971-09-26,323.94
1971-09-30,323.93
1971-10-01,323.31
1971-10-02,323.07
1971-10-04,323.41
1971-10-05,323.51
1971-10-13,323.64
1971-10-14,323.58
1971-10-15,323.52
1971-10-18,323.78
1971-10-19,324.0
1971-10-20,324.08
1971-10-21,323.88
1971-10-22,323.67
1971-10-23,323.71
1971-10-24,323.61
1971-10-25,323.43
1971-10-26,323.57
1971-10-27,324.38
1971-10-28,324.38
1971-10-29,324.6
1971-10-30,325.32
1971-10-31,324.08
1971-11-01,324.17
1971-11-02,324.02
1971-11-03,324.15
1971-11-04,324.59
1971-11-05,324.1
1971-11-06,324.35
1971-11-07,324.65
1971-11-08,324.88
1971-11-09,324.46
1971-11-10,324.49
1971-11-11,324.36
1971-11-12,324.41
1971-11-13,324.5
1971-11-14,324.48
1971-11-15,324.53
1971-11-16,324.83
1971-11-17,325.29
1971-11-18,325.01
1971-11-19,324.63
1971-11-20,324.46
1971-11-21,325.46
1971-11-22,325.34
1971-11-23,325.38
1971-11-24,325.62
1971-11-25,325.62
1971-11-26,325.47
1971-11-27,325.52
1971-11-28,325.39
1971-11-29,325.53
1971-11-30,325.44
1971-12-01,325.4
1971-12-02,325.38
1971-12-03,325.3
1971-12-04,325.23
1971-12-05,325.42
1971-12-06,325.73
1971-12-07,325.62
1971-12-08,325.49
1971-12-09,325.57
1971-12-10,325.95
1971-12-11,326.02
1971-12-12,325.96
1971-12-13,326.26
1971-12-14,326.47
1971-12-15,326.38
1971-12-16,325.6
1971-12-17,326.45
1971-12-18,326.33
1971-12-19,326.48
1971-12-20,326.44
1971-12-21,326.36
1971-12-22,326.43
1971-12-24,326.1
1971-12-25,326.26
1971-12-26,326.48
1971-12-27,326.34
1971-12-28,326.43
1971-12-29,326.49
1971-12-30,326.37
1971-12-31,326.52
1972-01-01,326.05
1972-01-02,326.17
1972-01-03,326.84
1972-01-05,326.71
1972-01-06,326.69
1972-01-07,326.77
1972-01-08,326.75
1972-01-09,326.66
1972-01-10,326.54
1972-01-11,326.6
1972-01-12,326.64
1972-01-13,326.68
1972-01-14,326.36
1972-01-15,326.63
1972-01-16,326.65
1972-01-17,326.6
1972-01-18,326.71
1972-01-19,326.66
1972-01-20,326.8
1972-01-21,326.39
1972-01-22,326.49
1972-01-23,326.7
1972-01-24,326.65
1972-01-25,326.8
1972-01-26,327.0
1972-01-27,327.0
1972-01-28,326.99
1972-01-29,327.49
1972-01-30,327.34
1972-01-31,327.8
1972-02-01,327.14
1972-02-02,327.2
1972-02-03,327.24
1972-02-04,326.98
1972-02-05,327.58
1972-02-06,327.84
1972-02-07,327.36
1972-02-08,327.82
1972-02-10,327.53
1972-02-11,327.84
1972-02-12,327.95
1972-02-13,328.24
1972-02-14,328.36
1972-02-15,328.39
1972-02-16,328.03
1972-02-17,327.66
1972-02-18,327.93
1972-02-19,328.03
1972-02-20,328.25
1972-02-21,327.5
1972-02-22,327.68
1972-02-23,326.89
1972-02-24,327.39
1972-02-25,327.45
1972-02-26,328.1
1972-02-27,327.51
1972-02-28,327.15
1972-02-29,327.22
1972-03-01,327.28
1972-03-02,327.06
1972-03-03,327.06
1972-03-04,327.64
1972-03-05,328.5
1972-03-06,328.01
1972-03-07,327.86
1972-03-08,327.44
1972-03-09,326.98
1972-03-11,327.21
1972-03-12,327.09
1972-03-13,327.21
1972-03-14,327.2
1972-03-15,327.63
1972-03-16,328.09
1972-03-17,328.17
1972-03-18,327.99
1972-03-19,328.12
1972-03-20,327.41
1972-03-21,327.39
1972-03-22,327.19
1972-03-23,327.26
1972-03-24,329.69
1972-03-25,330.1
1972-03-29,329.35
1972-03-30,330.14
1972-03-31,329.92
1972-04-01,329.16
1972-04-02,329.26
1972-04-03,327.8
1972-04-04,327.78
1972-04-05,328.14
1972-04-06,328.66
1972-04-07,329.21
1972-04-08,330.03
1972-04-09,330.31
1972-04-10,330.4
1972-04-11,330.31
1972-04-12,329.85
1972-04-13,329.88
1972-04-14,329.62
1972-04-15,329.83
1972-04-16,329.77
1972-04-17,329.53
1972-04-18,329.73
1972-04-19,329.57
1972-04-20,329.67
1972-04-21,329.54
1972-04-22,329.53
1972-04-23,330.65
1972-04-24,330.91
1972-04-25,330.96
1972-04-26,329.59
1972-04-27,330.02
1972-04-28,329.84
1972-04-29,330.16
1972-04-30,330.14
1972-05-01,330.08
1972-05-02,329.76
1972-05-03,330.21
1972-05-04,330.05
1972-05-05,330.04
1972-05-06,329.04
1972-05-07,329.87
1972-05-08,329.61
1972-05-09,329.69
1972-05-10,329.77
1972-05-11,329.6
1972-05-12,330.12
1972-05-13,329.25
1972-05-14,329.25
1972-05-15,329.7
1972-05-16,330.24
1972-05-17,330.15
1972-05-18,330.15
1972-05-19,329.96
1972-05-20,330.02
1972-05-21,330.04
1972-05-22,330.19
1972-05-23,330.01
1972-05-24,330.22
1972-05-25,330.16
1972-05-26,330.22
1972-05-27,330.18
1972-05-28,330.34
1972-05-29,330.31
1972-05-30,330.13
1972-05-31,330.14
1972-06-01,330.04
1972-06-02,329.61
1972-06-03,329.87
1972-06-04,329.56
1972-06-05,329.65
1972-06-06,329.44
1972-06-07,329.18
1972-06-08,329.27
1972-06-09,329.1
1972-06-12,329.3
1972-06-13,329.08
1972-06-14,328.99
1972-06-15,329.25
1972-06-17,329.23
1972-06-18,329.24
1972-06-19,329.19
1972-06-20,328.01
1972-06-21,328.08
1972-06-23,328.54
1972-06-24,328.57
1972-06-25,328.63
1972-06-26,328.65
1972-06-27,328.76
1972-06-28,328.5
1972-06-30,328.28
1972-07-01,328.06
1972-07-02,328.16
1972-07-03,328.93
1972-07-04,329.21
1972-07-05,328.99
1972-07-06,328.87
1972-07-07,327.3
1972-07-08,327.68
1972-07-09,328.09
1972-07-10,328.67
1972-07-11,328.09
1972-07-12,328.24
1972-07-13,327.82
1972-07-14,327.59
1972-07-15,327.51
1972-07-16,327.05
1972-07-17,327.95
1972-07-18,328.1
1972-07-19,327.95
1972-07-20,328.19
1972-07-22,328.12
1972-07-23,327.82
1972-08-01,327.89
1972-08-02,327.79
1972-08-03,327.63
1972-08-05,326.69
1972-08-06,326.49
1972-08-07,326.69
1972-08-08,325.87
1972-08-09,326.76
1972-08-10,325.66
1972-08-11,325.36
1972-08-13,327.09
1972-08-14,327.2
1972-08-15,327.26
1972-08-16,327.21
1972-08-17,327.19
1972-08-18,326.71
1972-08-19,326.26
1972-08-20,326.43
1972-08-21,326.25
1972-08-22,326.09
1972-08-23,326.08
1972-08-27,326.66
1972-08-28,326.44
1972-08-29,325.3
1972-08-30,324.97
1972-08-31,325.28
1972-09-01,325.32
1972-09-02,325.53
1972-09-03,325.75
1972-09-04,325.44
1972-09-05,325.68
1972-09-06,325.76
1972-09-07,325.65
1972-09-08,326.01
1972-09-09,326.34
1972-09-10,326.07
1972-09-11,324.94
1972-09-12,324.98
1972-09-13,325.46
1972-09-15,325.68
1972-09-16,324.8
1972-09-17,324.18
1972-09-18,324.37
1972-09-19,323.88
1972-09-20,323.87
1972-09-21,323.92
1972-09-22,323.82
1972-09-23,324.08
1972-09-24,324.55
1972-09-25,325.5
1972-09-26,324.85
1972-09-27,324.51
1972-09-28,324.35
1972-09-29,324.04
1972-09-30,324.13
1972-10-01,324.23
1972-10-03,324.52
1972-10-04,324.6
1972-10-05,324.36
1972-10-06,324.3
1972-10-07,324.26
1972-10-08,323.87
1972-10-09,325.91
1972-10-10,325.94
1972-10-11,325.7
1972-10-13,325.6
1972-10-14,325.52
1972-10-15,325.65
1972-10-16,325.93
1972-10-17,325.05
1972-10-18,325.13
1972-10-19,324.67
1972-10-20,325.26
1972-10-21,325.39
1972-10-22,325.14
1972-10-23,325.12
1972-10-24,325.26
1972-10-25,325.28
1972-10-26,325.12
1972-10-27,325.43
1972-10-28,325.91
1972-10-29,326.54
1972-10-30,326.42
1972-10-31,326.42
1972-11-01,325.87
1972-11-02,326.29
1972-11-03,326.37
1972-11-04,326.38
1972-11-05,326.18
1972-11-06,326.57
1972-11-07,326.16
1972-11-08,325.77
1972-11-09,325.84
1972-11-10,325.86
1972-11-11,326.43
1972-11-12,326.29
1972-11-13,326.1
1972-11-14,326.35
1972-11-15,326.85
1972-11-16,326.86
1972-11-17,326.07
1972-11-18,326.5
1972-11-19,326.44
1972-11-20,326.83
1972-11-21,326.3
1972-11-22,326.47
1972-11-23,326.77
1972-11-24,326.86
1972-11-25,326.81
1972-11-26,327.3
1972-11-27,327.55
1972-11-28,326.99
1972-11-29,326.86
1972-11-30,327.2
1972-12-01,326.71
1972-12-02,326.63
1972-12-03,327.13
1972-12-04,327.12
1972-12-05,327.09
1972-12-06,327.06
1972-12-07,326.96
1972-12-08,327.1
1972-12-09,327.4
1972-12-10,327.36
1972-12-11,327.29
1972-12-12,327.29
1972-12-13,327.65
1972-12-14,327.61
1972-12-15,327.39
1972-12-16,327.63
1972-12-17,328.08
1972-12-18,327.67
1972-12-19,327.66
1972-12-20,328.1
1972-12-21,328.24
1972-12-22,328.12
1972-12-23,328.28
1972-12-24,327.71
1972-12-25,327.6
1972-12-26,327.76
1972-12-27,328.12
1972-12-28,328.13
1972-12-29,327.96
1972-12-30,327.98
1972-12-31,328.3
1973-01-01,328.57
1973-01-02,328.6
1973-01-03,328.32
1973-01-04,328.36
1973-01-05,328.35
1973-01-06,328.14
1973-01-07,328.46
1973-01-08,328.34
1973-01-09,328.6
1973-01-10,328.75
1973-01-11,328.7
1973-01-12,328.26
1973-01-13,328.56
1973-01-14,328.3
1973-01-15,328.28
1973-01-16,328.3
1973-01-17,328.33
1973-01-18,328.55
1973-01-19,328.64
1973-01-20,328.49
1973-01-21,328.97
1973-01-22,328.77
1973-01-23,328.79
1973-01-24,329.03
1973-01-25,328.82
1973-01-26,329.07
1973-01-27,328.92
1973-01-28,329.06
1973-01-29,328.94
1973-01-30,328.9
1973-01-31,329.22
1973-02-01,329.01
1973-02-02,328.87
1973-02-03,329.0
1973-02-04,329.27
1973-02-05,329.28
1973-02-06,329.6
1973-02-07,329.68
1973-02-08,329.24
1973-02-09,329.57
1973-02-10,329.8
1973-02-11,329.6
1973-02-12,329.47
1973-02-13,329.58
1973-02-14,329.84
1973-02-15,329.47
1973-02-16,329.18
1973-02-17,329.42
1973-02-18,329.93
1973-02-19,329.94
1973-02-20,329.5
1973-02-21,329.76
1973-02-22,329.88
1973-02-23,329.76
1973-02-24,329.88
1973-02-25,330.03
1973-02-26,329.65
1973-02-27,329.2
1973-02-28,329.14
1973-03-01,329.24
1973-03-02,328.75
1973-03-03,329.92
1973-03-04,330.7
1973-03-05,330.43
1973-03-06,330.38
1973-03-07,330.23
1973-03-08,329.88
1973-03-09,329.82
1973-03-10,330.06
1973-03-11,329.91
1973-03-12,330.32
1973-03-13,330.56
1973-03-14,329.73
1973-03-15,330.16
1973-03-16,330.39
1973-03-17,331.01
1973-03-18,330.81
1973-03-19,330.92
1973-03-20,330.66
1973-03-21,330.37
1973-03-22,330.48
1973-03-23,331.09
1973-03-24,331.14
1973-03-25,330.51
1973-03-26,330.62
1973-03-27,330.65
1973-03-28,331.43
1973-03-29,330.65
1973-03-31,330.65
1973-04-01,330.47
1973-04-02,330.61
1973-04-03,330.99
1973-04-04,332.03
1973-04-05,331.55
1973-04-06,331.29
1973-04-07,330.95
1973-04-08,330.84
1973-04-09,331.06
1973-04-10,330.63
1973-04-11,331.05
1973-04-12,330.99
1973-04-13,331.37
1973-04-14,331.2
1973-04-15,331.1
1973-04-16,331.22
1973-04-17,331.36
1973-04-18,332.0
1973-04-20,331.42
1973-04-21,332.03
1973-04-22,331.81
1973-04-23,331.66
1973-04-24,331.4
1973-04-25,331.72
1973-04-26,332.32
1973-04-27,332.66
1973-04-29,332.67
1973-04-30,332.68
1973-05-01,332.3
1973-05-02,331.9
1973-05-03,331.98
1973-05-04,332.0
1973-05-05,332.06
1973-05-08,332.06
1973-05-09,332.26
1973-05-10,332.34
1973-05-11,332.75
1973-05-13,332.82
1973-05-14,332.61
1973-05-15,332.14
1973-05-16,332.65
1973-05-17,332.76
1973-05-18,332.59
1973-05-19,332.43
1973-05-20,332.0
1973-05-21,332.46
1973-05-22,332.58
1973-05-25,332.56
1973-05-26,332.67
1973-05-27,332.42
1973-05-28,332.53
1973-05-29,332.55
1973-05-31,332.29
1973-06-01,332.16
1973-06-02,331.88
1973-06-03,332.78
1973-06-04,332.16
1973-06-05,332.48
1973-06-06,332.85
1973-06-07,332.8
1973-06-08,332.11
1973-06-09,332.74
1973-06-10,332.56
1973-06-11,332.58
1973-06-12,332.59
1973-06-13,332.52
1973-06-14,331.78
1973-06-15,332.01
1973-06-16,332.15
1973-06-17,332.17
1973-06-18,332.1
1973-06-19,331.46
1973-06-20,331.58
1973-06-21,331.69
1973-06-22,331.75
1973-06-23,331.05
1973-06-24,331.3
1973-06-25,331.8
1973-06-26,332.12
1973-06-27,331.64
1973-06-28,331.43
1973-06-29,331.39
1973-06-30,331.41
1973-07-01,330.97
1973-07-02,331.42
1973-07-04,331.17
1973-07-05,331.53
1973-07-06,331.53
1973-07-07,332.05
1973-07-08,331.74
1973-07-09,331.26
1973-07-11,331.15
1973-07-12,331.22
1973-07-18,329.34
1973-07-19,329.42
1973-07-20,329.63
1973-07-21,330.14
1973-07-22,330.26
1973-07-23,330.25
1973-07-24,329.22
1973-07-27,330.39
1973-07-28,330.28
1973-07-29,330.03
1973-07-30,330.32
1973-07-31,330.1
1973-08-01,330.44
1973-08-02,330.15
1973-08-05,330.42
1973-08-06,329.69
1973-08-07,330.1
1973-08-11,328.98
1973-08-12,329.14
1973-08-13,329.24
1973-08-14,329.62
1973-08-15,329.18
1973-08-16,329.36
1973-08-17,328.35
1973-08-18,327.27
1973-08-19,329.15
1973-08-21,327.33
1973-08-22,327.51
1973-08-23,328.72
1973-08-24,327.98
1973-08-25,328.44
1973-08-26,328.48
1973-08-27,328.15
1973-08-28,328.8
1973-09-01,328.55
1973-09-02,328.52
1973-09-03,328.43
1973-09-04,328.16
1973-09-05,327.35
1973-09-06,327.78
1973-09-07,326.73
1973-09-11,328.23
1973-09-15,327.65
1973-09-16,327.6
1973-09-17,327.97
1973-09-21,327.65
1973-09-22,327.95
1973-09-23,327.01
1973-10-03,326.59
1973-10-04,326.74
1973-10-05,327.55
1973-10-06,327.46
1973-10-07,326.8
1973-10-08,326.73
1973-10-09,327.45
1973-10-10,327.85
1973-10-11,327.82
1973-10-12,327.31
1973-10-16,327.28
1973-10-17,327.36
1973-10-18,327.34
1973-10-19,327.35
1973-10-20,327.36
1973-10-21,323.53
1973-10-22,327.68
1973-10-23,327.57
1973-10-26,326.81
1973-10-29,327.28
1973-10-30,327.39
1973-11-01,327.5
1973-11-02,327.52
1973-11-03,327.4
1973-11-06,327.7
1973-11-07,327.79
1973-11-09,327.93
1973-11-10,327.93
1973-11-11,328.22
1973-11-17,328.35
1973-11-28,328.42
1973-11-29,328.76
1973-12-02,328.86
1973-12-03,328.83
1973-12-04,328.56
1973-12-11,328.96
1973-12-12,328.76
1973-12-13,328.44
1973-12-14,328.66
1973-12-15,328.68
1973-12-16,328.19
1973-12-17,328.42
1973-12-18,328.79
1973-12-19,328.27
1973-12-20,327.98
1973-12-21,328.19
1973-12-22,328.34
1973-12-23,328.33
1973-12-24,328.23
1973-12-25,328.33
1973-12-26,328.79
1973-12-27,328.41
1973-12-28,328.71
1973-12-29,328.54
1973-12-30,328.48
1974-01-02,328.72
1974-01-03,328.84
1974-01-04,328.92
1974-01-05,328.84
1974-01-06,328.52
1974-01-07,328.82
1974-01-08,329.3
1974-01-09,329.18
1974-01-10,329.19
1974-01-11,329.11
1974-01-12,329.07
1974-01-13,329.23
1974-01-14,329.4
1974-01-15,329.21
1974-01-16,329.33
1974-01-17,329.09
1974-01-19,329.4
1974-01-20,329.24
1974-01-21,329.44
1974-01-22,329.67
1974-01-23,329.5
1974-01-24,329.76
1974-01-25,329.9
1974-01-26,329.91
1974-01-28,329.82
1974-01-29,330.35
1974-01-30,330.09
1974-01-31,330.83
1974-02-01,330.83
1974-02-02,330.28
1974-02-03,330.22
1974-02-04,330.2
1974-02-05,330.14
1974-02-06,329.91
1974-02-07,330.49
1974-02-08,330.9
1974-02-09,331.09
1974-02-10,331.03
1974-02-11,331.06
1974-02-12,330.98
1974-02-13,331.3
1974-02-14,331.01
1974-02-15,330.7
1974-02-16,330.37
1974-02-17,330.36
1974-02-18,330.25
1974-02-19,330.28
1974-02-20,330.44
1974-02-21,330.83
1974-02-22,330.96
1974-02-23,330.56
1974-02-24,330.43
1974-02-25,330.46
1974-02-26,330.68
1974-02-27,331.11
1974-02-28,330.16
1974-03-01,330.41
1974-03-02,330.72
1974-03-04,331.1
1974-03-05,330.94
1974-03-06,331.03
1974-03-07,331.41
1974-03-08,331.36
1974-03-10,330.21
1974-03-11,330.92
1974-03-12,331.04
1974-03-13,331.78
1974-03-14,332.09
1974-03-15,332.1
1974-03-16,332.54
1974-03-17,332.4
1974-03-18,332.07
1974-03-19,332.44
1974-03-20,332.07
1974-03-21,331.73
1974-03-22,331.2
1974-03-23,331.53
1974-03-24,332.77
1974-03-25,333.0
1974-03-26,332.23
1974-03-29,330.79
1974-03-30,330.99
1974-03-31,331.37
1974-04-01,332.37
1974-04-02,332.98
1974-04-03,332.77
1974-04-04,332.44
1974-04-05,332.79
1974-04-06,332.34
1974-04-07,332.2
1974-04-08,332.41
1974-04-09,332.18
1974-04-11,331.77
1974-04-12,331.88
1974-04-13,332.02
1974-04-14,332.27
1974-04-15,332.93
1974-04-16,332.99
1974-04-17,333.1
1974-04-18,332.88
1974-04-19,332.36
1974-04-20,332.72
1974-04-21,332.92
1974-04-22,333.25
1974-04-23,333.33
1974-04-24,333.41
1974-04-25,333.46
1974-04-26,333.2
1974-04-27,333.37
1974-04-28,333.04
1974-04-29,332.98
1974-04-30,332.83
1974-05-01,332.85
1974-05-02,332.78
1974-05-03,332.9
1974-05-04,333.16
1974-05-05,333.04
1974-05-06,333.01
1974-05-07,332.94
1974-05-08,333.08
1974-05-09,333.06
1974-05-10,333.22
1974-05-11,333.22
1974-05-12,332.97
1974-05-13,332.88
1974-05-14,332.85
1974-05-15,333.05
1974-05-16,333.29
1974-05-17,333.39
1974-05-18,333.2
1974-05-19,333.61
1974-05-20,333.56
1974-05-21,333.17
1974-05-22,333.13
1974-05-23,332.73
1974-05-24,333.3
1974-05-25,332.86
1974-05-26,333.0
1974-05-27,332.41
1974-05-28,332.31
1974-05-29,332.97
1974-05-30,333.01
1974-05-31,332.83
1974-06-01,332.81
1974-06-02,332.99
1974-06-03,333.03
1974-06-04,332.45
1974-06-05,331.88
1974-06-06,332.01
1974-06-07,331.99
1974-06-08,332.06
1974-06-09,332.16
1974-06-12,332.02
1974-06-13,331.87
1974-06-14,332.24
1974-06-15,332.21
1974-06-17,332.2
1974-06-19,325.81
1974-06-20,332.82
1974-06-21,332.6
1974-06-22,332.54
1974-06-23,331.97
1974-06-24,331.62
1974-06-25,332.08
1974-06-27,331.63
1974-06-28,331.7
1974-06-29,331.9
1974-06-30,332.03
1974-07-01,331.82
1974-07-02,331.53
1974-07-03,331.94
1974-07-04,331.6
1974-07-05,331.59
1974-07-06,331.6
1974-07-08,331.75
1974-07-09,331.63
1974-07-10,331.58
1974-07-11,331.71
1974-07-12,331.43
1974-07-13,331.4
1974-07-14,330.98
1974-07-15,331.06
1974-07-16,330.67
1974-07-17,330.25
1974-07-18,330.95
1974-07-24,331.29
1974-07-25,331.09
1974-07-30,330.84
1974-07-31,324.68
1974-08-01,329.79
1974-08-02,330.12
1974-08-03,330.22
1974-08-04,330.38
1974-08-05,329.57
1974-08-06,329.86
1974-08-07,330.3
1974-08-08,330.46
1974-08-09,329.88
1974-08-11,329.76
1974-08-12,329.74
1974-08-13,329.7
1974-08-15,328.7
1974-08-16,329.5
1974-08-17,329.57
1974-08-18,329.53
1974-08-19,329.36
1974-08-20,329.32
1974-08-21,329.64
1974-08-22,328.66
1974-08-23,328.64
1974-08-24,328.66
1974-08-25,329.05
1974-08-26,328.93
1974-08-27,328.41
1974-08-28,328.27
1974-08-29,328.33
1974-08-30,328.19
1974-08-31,328.19
1974-09-01,327.56
1974-09-02,327.61
1974-09-04,328.13
1974-09-05,328.04
1974-09-06,327.85
1974-09-07,328.0
1974-09-08,328.1
1974-09-09,327.92
1974-09-10,327.64
1974-09-11,327.65
1974-09-12,328.15
1974-09-14,326.98
1974-09-15,326.72
1974-09-16,326.58
1974-09-17,326.75
1974-09-18,326.92
1974-09-19,327.29
1974-09-20,326.69
1974-09-21,326.68
1974-09-22,326.57
1974-09-23,326.95
1974-09-24,326.41
1974-09-25,326.4
1974-09-28,327.48
1974-09-29,327.23
1974-09-30,327.93
1974-10-01,327.61
1974-10-04,326.87
1974-10-05,326.87
1974-10-06,327.24
1974-10-07,327.23
1974-10-10,326.83
1974-10-11,326.94
1974-10-12,327.14
1974-10-13,327.07
1974-10-14,326.16
1974-10-16,327.51
1974-10-17,327.48
1974-10-19,327.64
1974-10-20,327.79
1974-10-21,327.34
1974-10-22,327.27
1974-10-23,327.4
1974-10-24,327.67
1974-10-25,327.6
1974-10-26,327.7
1974-10-27,328.04
1974-10-28,327.68
1974-10-29,327.7
1974-10-30,327.78
1974-10-31,327.67
1974-11-02,327.94
1974-11-03,328.11
1974-11-04,328.1
1974-11-05,328.1
1974-11-06,328.04
1974-11-07,328.2
1974-11-08,327.76
1974-11-09,328.04
1974-11-10,328.0
1974-11-11,328.05
1974-11-12,328.48
1974-11-13,328.46
1974-11-14,329.21
1974-11-15,329.29
1974-11-16,329.23
1974-11-17,329.41
1974-11-20,328.91
1974-11-21,328.68
1974-11-22,328.41
1974-11-23,328.4
1974-11-24,327.88
1974-11-25,328.37
1974-11-26,328.68
1974-11-27,328.85
1974-11-28,328.77
1974-11-29,328.71
1974-12-09,329.76
1974-12-10,329.33
1974-12-16,330.01
1974-12-17,330.08
1974-12-18,329.68
1974-12-19,329.65
1974-12-20,330.12
1974-12-21,329.85
1974-12-22,329.97
1974-12-23,329.94
1974-12-24,329.36
1974-12-25,329.31
1974-12-26,329.84
1974-12-27,329.71
1974-12-28,329.69
1974-12-29,329.69
1974-12-30,330.04
1974-12-31,329.75
1975-01-01,330.1
1975-01-02,329.84
1975-01-08,329.99
1975-01-09,329.89
1975-01-13,329.97
1975-01-14,330.14
1975-01-17,329.74
1975-01-18,329.95
1975-01-19,330.48
1975-01-20,330.1
1975-01-21,330.16
1975-01-22,329.99
1975-01-23,330.4
1975-01-24,330.66
1975-01-25,331.12
1975-01-26,331.58
1975-01-27,331.56
1975-01-28,332.28
1975-01-29,332.3
1975-01-30,330.57
1975-01-31,330.96
1975-02-01,331.22
1975-02-02,330.97
1975-02-03,330.66
1975-02-04,331.86
1975-02-05,331.81
1975-02-06,331.76
1975-02-07,331.62
1975-02-08,331.43
1975-02-09,331.3
1975-02-10,330.96
1975-02-11,330.8
1975-02-12,330.92
1975-02-13,330.91
1975-02-14,330.6
1975-02-15,330.75
1975-02-16,331.01
1975-02-17,331.61
1975-02-18,331.32
1975-02-19,331.57
1975-02-20,331.1
1975-02-21,331.18
1975-02-22,331.6
1975-02-23,332.19
1975-02-24,331.78
1975-02-25,331.7
1975-02-26,331.54
1975-02-27,331.44
1975-02-28,331.07
1975-03-01,332.12
1975-03-02,332.14
1975-03-03,331.97
1975-03-04,332.06
1975-03-05,331.56
1975-03-06,331.52
1975-03-07,331.55
1975-03-08,331.57
1975-03-09,331.45
1975-03-10,331.63
1975-03-11,331.43
1975-03-12,331.62
1975-03-13,331.95
1975-03-14,332.5
1975-03-15,331.49
1975-03-16,331.59
1975-03-17,331.89
1975-03-18,332.19
1975-03-19,332.92
1975-03-20,332.28
1975-03-21,332.08
1975-03-22,332.02
1975-03-23,332.11
1975-03-27,331.57
1975-03-28,332.23
1975-03-29,332.64
1975-03-30,332.19
1975-03-31,333.12
1975-04-01,333.37
1975-04-02,333.4
1975-04-03,333.3
1975-04-04,333.02
1975-04-05,332.82
1975-04-06,333.24
1975-04-07,332.62
1975-04-08,332.56
1975-04-09,333.13
1975-04-10,333.16
1975-04-11,333.46
1975-04-14,333.49
1975-04-15,333.47
1975-04-16,333.02
1975-04-17,332.8
1975-04-18,333.46
1975-04-19,333.12
1975-04-20,333.24
1975-04-21,333.5
1975-04-22,333.75
1975-04-23,333.83
1975-04-24,334.2
1975-04-25,332.85
1975-04-26,332.75
1975-04-27,332.98
1975-04-28,332.74
1975-04-29,332.92
1975-04-30,333.76
1975-05-01,333.91
1975-05-02,334.09
1975-05-03,333.91
1975-05-04,333.67
1975-05-05,333.72
1975-05-06,333.83
1975-05-07,333.84
1975-05-08,333.78
1975-05-09,333.84
1975-05-10,333.85
1975-05-11,333.55
1975-05-12,333.82
1975-05-13,334.12
1975-05-14,334.53
1975-05-15,334.57
1975-05-17,333.35
1975-05-18,333.25
1975-05-19,333.12
1975-05-21,333.24
1975-05-22,333.33
1975-05-23,333.59
1975-05-24,333.47
1975-05-25,334.05
1975-05-26,334.21
1975-05-27,334.04
1975-05-28,334.07
1975-05-29,333.92
1975-05-30,334.01
1975-05-31,333.6
1975-06-01,334.51
1975-06-02,334.3
1975-06-03,334.23
1975-06-04,333.89
1975-06-05,334.32
1975-06-06,334.21
1975-06-07,334.15
1975-06-08,334.07
1975-06-09,333.29
1975-06-10,333.4
1975-06-12,332.74
1975-06-13,332.74
1975-06-14,332.94
1975-06-15,333.41
1975-06-16,333.57
1975-06-17,333.74
1975-06-18,333.19
1975-06-19,333.35
1975-06-20,332.74
1975-06-21,332.88
1975-06-22,332.74
1975-06-23,334.06
1975-06-24,333.79
1975-06-25,333.05
1975-06-26,332.65
1975-06-27,333.02
1975-06-28,333.02
1975-06-29,332.56
1975-07-01,333.44
1975-07-02,333.01
1975-07-04,332.66
1975-07-05,332.84
1975-07-06,333.01
1975-07-07,332.4
1975-07-08,332.28
1975-07-09,332.29
1975-07-10,332.22
1975-07-11,332.03
1975-07-12,332.11
1975-07-13,331.88
1975-07-14,332.13
1975-07-15,332.55
1975-07-16,331.51
1975-07-18,331.11
1975-07-19,331.3
1975-07-20,330.03
1975-07-21,330.52
1975-07-22,331.08
1975-07-23,331.57
1975-07-25,332.1
1975-07-26,331.35
1975-07-27,330.52
1975-07-28,331.32
1975-07-29,331.4
1975-07-30,331.2
1975-07-31,331.03
1975-08-01,330.66
1975-08-02,330.67
1975-08-03,330.82
1975-08-04,330.93
1975-08-05,330.87
1975-08-06,330.76
1975-08-07,331.01
1975-08-08,330.91
1975-08-09,330.7
1975-08-11,330.24
1975-08-12,330.51
1975-08-13,330.4
1975-08-15,330.76
1975-08-16,330.5
1975-08-18,329.73
1975-08-19,329.78
1975-08-20,329.88
1975-08-21,329.55
1975-08-22,329.55
1975-08-23,329.22
1975-08-24,329.26
1975-08-25,328.4
1975-08-26,328.5
1975-08-27,328.31
1975-08-28,328.44
1975-08-29,328.76
1975-08-31,329.05
1975-09-02,329.66
1975-09-03,329.64
1975-09-04,329.6
1975-09-05,329.88
1975-09-06,329.95
1975-09-08,328.53
1975-09-09,328.71
1975-09-10,328.91
1975-09-14,328.56
1975-09-15,328.0
1975-09-16,328.1
1975-09-17,327.73
1975-09-18,327.98
1975-09-19,328.08
1975-09-20,328.26
1975-09-21,328.05
1975-09-22,328.15
1975-09-23,328.34
1975-09-26,327.78
1975-09-27,328.23
1975-09-28,328.33
1975-09-29,328.56
1975-10-03,328.23
1975-10-04,328.04
1975-10-05,327.98
1975-10-07,327.97
1975-10-08,327.03
1975-10-09,327.89
1975-10-10,328.21
1975-10-12,327.46
1975-10-13,328.28
1975-10-15,328.61
1975-10-16,328.77
1975-10-17,328.58
1975-10-18,328.72
1975-10-23,329.05
1975-10-24,328.87
1975-10-25,328.66
1975-10-26,328.94
1975-10-27,328.73
1975-10-28,328.69
1975-10-29,329.01
1975-11-01,329.58
1975-11-02,329.48
1975-11-07,329.06
1975-11-08,329.01
1975-11-09,329.3
1975-11-11,329.06
1975-11-12,329.1
1975-11-13,328.95
1975-11-14,329.23
1975-11-15,329.2
1975-11-16,329.4
1975-11-20,329.63
1975-11-21,329.34
1975-11-22,329.48
1975-11-23,329.41
1975-11-27,330.11
1975-11-28,330.32
1975-11-29,330.01
1975-11-30,329.86
1975-12-01,330.08
1975-12-04,330.22
1975-12-05,330.51
1975-12-06,330.17
1975-12-07,330.13
1975-12-08,330.29
1975-12-09,330.39
1975-12-10,330.76
1975-12-11,330.39
1975-12-12,330.43
1975-12-13,330.32
1975-12-14,330.26
1975-12-15,330.65
1975-12-16,330.93
1975-12-17,331.1
1975-12-18,331.22
1975-12-19,331.39
1975-12-20,331.2
1975-12-22,330.57
1975-12-25,331.43
1975-12-26,331.42
1975-12-28,331.1
1975-12-29,331.07
1975-12-30,331.45
1975-12-31,331.48
1976-01-01,331.39
1976-01-02,331.33
1976-01-03,331.36
1976-01-04,331.64
1976-01-05,331.86
1976-01-06,331.52
1976-01-07,331.58
1976-01-08,331.36
1976-01-09,331.37
1976-01-10,331.39
1976-01-11,331.38
1976-01-12,331.48
1976-01-13,331.86
1976-01-14,331.85
1976-01-15,331.28
1976-01-16,331.77
1976-01-17,331.82
1976-01-18,331.58
1976-01-22,331.76
1976-01-23,331.62
1976-01-24,331.52
1976-01-25,331.87
1976-01-26,332.24
1976-01-27,331.8
1976-01-28,331.29
1976-01-30,331.98
1976-01-31,331.71
1976-02-01,332.71
1976-02-02,332.83
1976-02-03,332.32
1976-02-04,332.11
1976-02-05,331.88
1976-02-07,332.19
1976-02-08,332.17
1976-02-11,332.4
1976-02-12,332.09
1976-02-13,332.33
1976-02-14,332.89
1976-02-15,332.66
1976-02-16,332.42
1976-02-17,332.39
1976-02-18,332.75
1976-02-19,332.76
1976-02-20,332.44
1976-02-21,332.82
1976-02-22,333.92
1976-02-23,334.01
1976-02-26,332.61
1976-02-27,332.91
1976-02-28,332.64
1976-02-29,332.51
1976-03-01,332.13
1976-03-04,332.24
1976-03-05,332.39
1976-03-06,332.35
1976-03-08,332.32
1976-03-09,332.35
1976-03-11,333.42
1976-03-12,333.35
1976-03-13,333.59
1976-03-16,333.5
1976-03-17,332.72
1976-03-23,333.34
1976-03-24,334.28
1976-03-26,334.7
1976-03-27,334.54
1976-03-28,334.79
1976-03-29,334.27
1976-03-30,334.47
1976-03-31,334.63
1976-04-01,334.16
1976-04-02,334.54
1976-04-03,334.66
1976-04-04,334.45
1976-04-13,334.06
1976-04-14,333.94
1976-04-16,334.33
1976-04-17,334.48
1976-04-18,334.53
1976-04-19,334.48
1976-04-20,334.28
1976-04-22,335.51
1976-04-23,334.32
1976-04-24,334.07
1976-05-02,334.48
1976-05-03,335.01
1976-05-04,334.78
1976-05-08,333.51
1976-05-13,333.94
1976-05-14,334.06
1976-05-15,334.28
1976-05-17,335.42
1976-05-18,335.37
1976-05-20,335.51
1976-05-21,336.34
1976-05-22,335.73
1976-05-23,334.95
1976-05-24,335.34
1976-05-25,335.28
1976-05-29,334.54
1976-05-30,334.87
1976-05-31,334.69
1976-06-01,334.47
1976-06-02,334.44
1976-06-03,334.62
1976-06-04,334.07
1976-06-05,334.16
1976-06-06,333.96
1976-06-07,334.24
1976-06-08,334.22
1976-06-09,334.47
1976-06-11,335.27
1976-06-15,334.36
1976-06-16,334.42
1976-06-17,334.32
1976-06-18,334.28
1976-06-20,334.06
1976-07-02,333.64
1976-07-03,333.39
1976-07-05,333.81
1976-07-06,333.75
1976-07-07,333.82
1976-07-08,333.63
1976-07-09,332.91
1976-07-10,333.04
1976-07-11,332.48
1976-07-13,333.75
1976-07-14,333.53
1976-07-16,332.28
1976-07-17,332.41
1976-07-20,332.72
1976-07-21,332.94
1976-07-22,332.33
1976-07-27,332.52
1976-07-28,332.39
1976-07-29,331.18
1976-07-31,332.2
1976-08-01,331.39
1976-08-02,331.76
1976-08-03,332.01
1976-08-05,331.86
1976-08-06,331.65
1976-08-07,331.42
1976-08-09,331.42
1976-08-12,330.8
1976-08-13,330.33
1976-08-14,330.1
1976-08-17,330.63
1976-08-18,330.51
1976-08-19,331.07
1976-08-22,330.71
1976-08-23,331.0
1976-08-24,330.1
1976-08-25,330.2
1976-08-27,329.34
1976-09-15,330.17
1976-09-16,329.53
1976-09-17,328.09
1976-09-18,329.38
1976-09-19,329.72
1976-09-20,328.34
1976-09-21,328.24
1976-09-22,328.06
1976-09-25,328.36
1976-09-26,327.85
1976-09-27,328.58
1976-10-03,327.85
1976-10-04,327.72
1976-10-05,328.26
1976-10-06,328.52
1976-10-16,329.53
1976-10-17,329.3
1976-10-21,329.41
1976-10-22,329.18
1976-10-23,329.2
1976-10-24,328.85
1976-10-25,329.2
1976-10-26,328.76
1976-10-27,329.09
1976-10-29,329.59
1976-10-31,329.31
1976-11-01,328.98
1976-11-02,329.52
1976-11-03,329.66
1976-11-05,330.1
1976-11-06,329.59
1976-11-07,330.01
1976-11-08,330.29
1976-11-12,330.38
1976-11-13,330.33
1976-11-15,330.23
1976-11-16,330.55
1976-11-17,330.46
1976-11-18,330.4
1976-11-19,330.54
1976-11-20,330.61
1976-11-21,330.88
1976-11-22,331.05
1976-11-24,331.0
1976-11-25,330.82
1976-11-26,330.79
1976-11-27,330.85
1976-11-28,330.82
1976-11-29,330.8
1976-11-30,330.92
1976-12-01,330.99
1976-12-02,331.14
1976-12-03,331.2
1976-12-04,331.02
1976-12-05,331.56
1976-12-06,331.43
1976-12-07,331.12
1976-12-08,331.05
1976-12-09,331.33
1976-12-10,331.6
1976-12-11,331.52
1976-12-12,331.36
1976-12-13,331.37
1976-12-17,332.5
1976-12-18,332.12
1976-12-19,331.75
1976-12-20,331.46
1976-12-21,331.46
1976-12-22,331.33
1976-12-23,331.82
1976-12-24,332.41
1976-12-25,332.5
1976-12-26,332.44
1976-12-27,332.35
1976-12-28,332.51
1976-12-29,332.78
1976-12-30,332.63
1976-12-31,332.61
1977-01-02,332.37
1977-01-03,333.03
1977-01-05,332.32
1977-01-06,332.54
1977-01-07,332.59
1977-01-08,332.41
1977-01-09,332.57
1977-01-10,332.29
1977-01-14,333.98
1977-01-20,332.95
1977-01-21,333.44
1977-01-22,333.76
1977-01-24,332.92
1977-01-25,333.27
1977-01-27,333.06
1977-01-28,333.1
1977-01-29,333.46
1977-02-01,333.17
1977-02-03,332.96
1977-02-07,333.1
1977-02-10,333.36
1977-02-14,333.09
1977-02-15,333.24
1977-02-16,333.43
1977-02-17,333.85
1977-02-18,333.56
1977-02-19,333.19
1977-02-20,333.1
1977-02-21,333.28
1977-02-22,333.33
1977-02-23,333.38
1977-02-24,333.48
1977-02-25,333.46
1977-02-26,333.4
1977-02-27,333.78
1977-02-28,333.89
1977-03-01,334.66
1977-03-04,334.54
1977-03-05,334.66
1977-03-06,334.24
1977-03-07,333.79
1977-03-08,334.19
1977-03-09,334.96
1977-03-11,334.57
1977-03-12,334.79
1977-03-13,334.86
1977-03-14,335.34
1977-03-15,335.45
1977-03-16,334.54
1977-03-17,334.52
1977-03-18,334.54
1977-03-19,335.41
1977-03-20,336.05
1977-03-21,336.12
1977-03-22,335.02
1977-03-23,335.1
1977-03-24,335.25
1977-03-25,334.51
1977-03-26,334.52
1977-03-30,335.05
1977-03-31,334.93
1977-04-04,336.49
1977-04-05,335.76
1977-04-06,335.6
1977-04-07,335.91
1977-04-08,336.04
1977-04-11,335.64
1977-04-13,336.19
1977-04-14,336.39
1977-04-16,336.65
1977-04-17,336.64
1977-04-18,335.94
1977-04-19,336.0
1977-04-20,335.81
1977-04-21,336.06
1977-04-22,336.29
1977-04-25,336.34
1977-04-26,336.09
1977-04-27,336.48
1977-04-28,336.01
1977-04-29,336.3
1977-05-01,337.13
1977-05-02,337.29
1977-05-03,337.36
1977-05-07,335.61
1977-05-08,336.08
1977-05-09,336.98
1977-05-10,336.97
1977-05-11,336.26
1977-05-12,335.96
1977-05-13,337.03
1977-05-14,336.94
